-- phpMyAdmin SQL Dump
-- version 4.7.4
-- https://www.phpmyadmin.net/
--
-- Host: 127.0.0.1
-- Generation Time: Nov 18, 2018 at 06:31 PM
-- Server version: 10.1.26-MariaDB
-- PHP Version: 7.1.9

SET SQL_MODE = "NO_AUTO_VALUE_ON_ZERO";
SET AUTOCOMMIT = 0;
START TRANSACTION;
SET time_zone = "+00:00";


/*!40101 SET @OLD_CHARACTER_SET_CLIENT=@@CHARACTER_SET_CLIENT */;
/*!40101 SET @OLD_CHARACTER_SET_RESULTS=@@CHARACTER_SET_RESULTS */;
/*!40101 SET @OLD_COLLATION_CONNECTION=@@COLLATION_CONNECTION */;
/*!40101 SET NAMES utf8mb4 */;

--
-- Database: `uni_db`
--

CREATE DATABASE IF NOT EXISTS uni_db;
USE uni_db;

-- --------------------------------------------------------

--
-- Table structure for table `backlinks`
--

CREATE TABLE `backlinks` (
  `ID` int(11) NOT NULL,
  `Uni_ID` varchar(254) COLLATE utf8mb4_unicode_ci NOT NULL,
  `NrOfBacklinks` int(11) NOT NULL,
  `NrOfFiles` int(11) NULL
) ENGINE=InnoDB DEFAULT CHARSET=utf8mb4 COLLATE=utf8mb4_unicode_ci;

--
-- Dumping data for table `backlinks`
--

INSERT INTO `backlinks` (`ID`, `Uni_ID`, `NrOfBacklinks`,`NrOfFiles`) VALUES
(1, 'U_Pr', 794000, 13),
(2, 'K_UBT', 313000,123),
(3, 'K_R', 173000,13423),
(4, 'K_AUK', 118000,1234),
(5, 'K_F', 40500,646),
(6, 'K_PB', 23800,0),
(7, 'K_Universum', 21900,0),
(8, 'K_ISPE', 3400,0),
(9, 'U_GL', 2200,0),
(10, 'KAPS', 2000,0),
(11, 'K_B', 1200,0),
(12, 'U_M', 1200,0),
(13, 'U_Pz', 1200,0),
(14, 'K_IBCM', 928,0),
(15, 'K_TEMPULLI', 917,0),
(16, 'U_GJ', 809,0),
(17, 'K_MIG', 744,0),
(18, 'U_P', 709,0),
(19, 'FIS', 662,0),
(20, 'U_Fj', 662,0),
(21, 'K_D', 636,0),
(22, 'K_ESLG', 37,0),
(23, 'QEAP', 21,0);

-- --------------------------------------------------------

--
-- Table structure for table `google_scholar`
--

CREATE TABLE `google_scholar` (
  `GoogleScholar_ID` int(11) NOT NULL,
  `Professor_ID` int(11) NOT NULL,
  `Publications` int(11) NOT NULL,
  `Citations` int(11) NOT NULL
) ENGINE=InnoDB DEFAULT CHARSET=utf8mb4 COLLATE=utf8mb4_unicode_ci;

--
-- Dumping data for table `google_scholar`
--

INSERT INTO `google_scholar` (`GoogleScholar_ID`, `Professor_ID`, `Publications`, `Citations`) VALUES
(2899, 19296, 0, 0),
(2900, 19297, 0, 0),
(2901, 19298, 0, 0),
(2902, 19299, 0, 0),
(2903, 19300, 0, 0),
(2904, 19301, 0, 0),
(2905, 19302, 0, 0),
(2906, 19303, 0, 0),
(2907, 19304, 0, 0),
(2908, 19305, 0, 0),
(2909, 19306, 0, 0),
(2910, 19307, 0, 0),
(2911, 19308, 0, 0),
(2912, 19309, 0, 0),
(2913, 19310, 27, 45),
(2914, 19311, 0, 0),
(2915, 19312, 0, 0),
(2916, 19313, 0, 0),
(2917, 19314, 0, 0),
(2918, 19315, 0, 0),
(2919, 19316, 0, 0),
(2920, 19317, 0, 0),
(2921, 19318, 0, 0),
(2922, 19319, 0, 0),
(2923, 19320, 0, 0),
(2924, 19321, 0, 0),
(2925, 19322, 0, 0),
(2926, 19323, 0, 0),
(2927, 19324, 0, 0),
(2928, 19325, 0, 0),
(2929, 19326, 0, 0),
(2930, 19327, 0, 0),
(2931, 19328, 0, 0),
(2932, 19329, 0, 0),
(2933, 19330, 0, 0),
(2934, 19331, 0, 0),
(2935, 19332, 0, 0),
(2936, 19333, 0, 0),
(2937, 19334, 0, 0),
(2938, 19335, 0, 0),
(2939, 19336, 0, 0),
(2940, 19337, 0, 0),
(2941, 19338, 0, 0),
(2942, 19339, 0, 0),
(2943, 19340, 0, 0),
(2944, 19341, 16, 39),
(2945, 19342, 0, 0),
(2946, 19343, 0, 0),
(2947, 19344, 0, 0),
(2948, 19345, 0, 0),
(2949, 19346, 0, 0),
(2950, 19347, 0, 0),
(2951, 19348, 0, 0),
(2952, 19349, 0, 0),
(2953, 19350, 8, 10),
(2954, 19351, 0, 0),
(2955, 19352, 0, 0),
(2956, 19353, 0, 0),
(2957, 19354, 0, 0),
(2958, 19355, 0, 0),
(2959, 19356, 0, 0),
(2960, 19357, 18, 23),
(2961, 19358, 0, 0),
(2962, 19359, 0, 0),
(2963, 19360, 0, 0),
(2964, 19361, 24, 0),
(2965, 19362, 0, 0),
(2966, 19363, 0, 0),
(2967, 19364, 0, 0),
(2968, 19365, 0, 0),
(2969, 19366, 0, 0),
(2970, 19367, 0, 0),
(2971, 19368, 0, 0),
(2972, 19369, 0, 0),
(2973, 19370, 0, 0),
(2974, 19371, 0, 0),
(2975, 19372, 0, 0),
(2976, 19373, 0, 0),
(2977, 19374, 0, 0),
(2978, 19375, 0, 0),
(2979, 19376, 0, 0),
(2980, 19377, 0, 0),
(2981, 19378, 0, 0),
(2982, 19379, 0, 0),
(2983, 19380, 0, 0),
(2984, 19381, 0, 0),
(2985, 19382, 0, 0),
(2986, 19383, 0, 0),
(2987, 19384, 0, 0),
(2988, 19385, 0, 0),
(2989, 19386, 0, 0),
(2990, 19387, 0, 0),
(2991, 19388, 0, 0),
(2992, 19389, 0, 0),
(2993, 19390, 0, 0),
(2994, 19391, 0, 0),
(2995, 19392, 0, 0),
(2996, 19393, 0, 0),
(2997, 19394, 0, 0),
(2998, 19395, 3, 1),
(2999, 19396, 0, 0),
(3000, 19397, 0, 0),
(3001, 19398, 8, 12),
(3002, 19399, 0, 0),
(3003, 19400, 0, 0),
(3004, 19401, 0, 0),
(3005, 19402, 0, 0),
(3006, 19403, 0, 0),
(3007, 19404, 0, 0),
(3008, 19405, 0, 0),
(3009, 19406, 23, 0),
(3010, 19407, 0, 0),
(3011, 19408, 0, 0),
(3012, 19409, 0, 0),
(3013, 19410, 19, 21),
(3014, 19411, 13, 7),
(3015, 19412, 0, 0),
(3016, 19413, 0, 0),
(3017, 19414, 0, 0),
(3018, 19415, 29, 8),
(3019, 19416, 0, 0),
(3020, 19417, 0, 0),
(3021, 19418, 16, 0),
(3022, 19419, 0, 0),
(3023, 19420, 0, 0),
(3024, 19421, 0, 0),
(3025, 19422, 0, 0),
(3026, 19423, 0, 0),
(3027, 19424, 0, 0),
(3028, 19425, 0, 0),
(3029, 19426, 0, 0),
(3030, 19427, 2, 1),
(3031, 19428, 0, 0),
(3032, 19429, 29, 35),
(3033, 19430, 0, 0),
(3034, 19431, 0, 0),
(3035, 19432, 9999, 9999),
(3036, 19433, 0, 0),
(3037, 19434, 0, 0),
(3038, 19435, 0, 0),
(3039, 19436, 0, 0),
(3040, 19437, 0, 0),
(3041, 19438, 0, 0),
(3042, 19439, 0, 0),
(3043, 19440, 0, 0),
(3044, 19441, 0, 0),
(3045, 19442, 0, 0),
(3046, 19443, 0, 0),
(3047, 19444, 0, 0),
(3048, 19445, 0, 0),
(3049, 19446, 0, 0),
(3050, 19447, 0, 0),
(3051, 19448, 0, 0),
(3052, 19449, 0, 0),
(3053, 19450, 0, 0),
(3054, 19451, 0, 0),
(3055, 19452, 2, 0),
(3056, 19453, 0, 0),
(3057, 19454, 0, 0),
(3058, 19455, 0, 0),
(3059, 19456, 0, 0),
(3060, 19457, 0, 0),
(3061, 19458, 0, 0),
(3062, 19459, 0, 0),
(3063, 19460, 0, 0),
(3064, 19461, 0, 0),
(3065, 19462, 0, 0),
(3066, 19463, 0, 0),
(3067, 19464, 0, 0),
(3068, 19465, 0, 0),
(3069, 19466, 0, 0),
(3070, 19467, 0, 0),
(3071, 19468, 0, 0),
(3072, 19469, 0, 0),
(3073, 19470, 0, 0),
(3074, 19471, 0, 0),
(3075, 19472, 0, 0),
(3076, 19473, 0, 0),
(3077, 19474, 0, 0),
(3078, 19475, 0, 0),
(3079, 19476, 0, 0),
(3080, 19477, 0, 0),
(3081, 19478, 0, 0),
(3082, 19479, 0, 0),
(3083, 19480, 0, 0),
(3084, 19481, 0, 0),
(3085, 19482, 0, 0),
(3086, 19483, 0, 0),
(3087, 19484, 3, 0),
(3088, 19485, 0, 0),
(3089, 19486, 1, 1),
(3090, 19487, 0, 0),
(3091, 19488, 0, 0),
(3092, 19489, 0, 0),
(3093, 19490, 0, 0),
(3094, 19491, 0, 0),
(3095, 19492, 0, 0),
(3096, 19493, 0, 0),
(3097, 19494, 0, 0),
(3098, 19495, 9999, 9999),
(3099, 19496, 0, 0),
(3100, 19497, 0, 0),
(3101, 19498, 0, 0),
(3102, 19499, 0, 0),
(3103, 19500, 9, 376),
(3104, 19501, 0, 0),
(3105, 19502, 0, 0),
(3106, 19503, 0, 0),
(3107, 19504, 0, 0),
(3108, 19505, 0, 0),
(3109, 19506, 0, 0),
(3110, 19507, 0, 0),
(3111, 19508, 0, 0),
(3112, 19509, 0, 0),
(3113, 19510, 0, 0),
(3114, 19511, 0, 0),
(3115, 19512, 0, 0),
(3116, 19513, 0, 0),
(3117, 19514, 0, 0),
(3118, 19515, 0, 0),
(3119, 19516, 0, 0),
(3120, 19517, 0, 0),
(3121, 19518, 0, 0),
(3122, 19519, 0, 0),
(3123, 19520, 0, 0),
(3124, 19521, 0, 0),
(3125, 19522, 0, 0),
(3126, 19523, 3, 0),
(3127, 19524, 0, 0),
(3128, 19525, 0, 0),
(3129, 19526, 0, 0),
(3130, 19527, 0, 0),
(3131, 19528, 0, 0),
(3132, 19529, 43, 600),
(3133, 19530, 0, 0),
(3134, 19531, 11, 0),
(3135, 19532, 0, 0),
(3136, 19533, 0, 0),
(3137, 19534, 0, 0),
(3138, 19535, 0, 0),
(3139, 19536, 9, 24),
(3140, 19537, 0, 0),
(3141, 19538, 5, 4),
(3142, 19539, 13, 58),
(3143, 19540, 0, 0),
(3144, 19541, 0, 0),
(3145, 19542, 0, 0),
(3146, 19543, 0, 0),
(3147, 19544, 0, 0),
(3148, 19545, 0, 0),
(3149, 19546, 0, 0),
(3150, 19547, 0, 0),
(3151, 19548, 0, 0),
(3152, 19549, 0, 0),
(3153, 19550, 0, 0),
(3154, 19551, 0, 0),
(3155, 19552, 0, 0),
(3156, 19553, 0, 0),
(3157, 19554, 0, 0),
(3158, 19555, 0, 0),
(3159, 19556, 0, 0),
(3160, 19557, 0, 0),
(3161, 19558, 0, 0),
(3162, 19559, 0, 0),
(3163, 19560, 22, 2),
(3164, 19561, 0, 0),
(3165, 19562, 0, 0),
(3166, 19563, 0, 0),
(3167, 19564, 0, 0),
(3168, 19565, 0, 0),
(3169, 19566, 0, 0),
(3170, 19567, 0, 0),
(3171, 19568, 0, 0),
(3172, 19569, 0, 0),
(3173, 19570, 0, 0),
(3174, 19571, 0, 0),
(3175, 19572, 0, 0),
(3176, 19573, 19, 21),
(3177, 19574, 0, 0),
(3178, 19575, 0, 0),
(3179, 19576, 0, 0),
(3180, 19577, 0, 0),
(3181, 19578, 0, 0),
(3182, 19579, 0, 0),
(3183, 19580, 0, 0),
(3184, 19581, 43, 600),
(3185, 19582, 0, 0),
(3186, 19583, 0, 0),
(3187, 19584, 0, 0),
(3188, 19585, 0, 0),
(3189, 19586, 5, 4),
(3190, 19587, 0, 0),
(3191, 19588, 0, 0),
(3192, 19589, 0, 0),
(3193, 19590, 0, 0),
(3194, 19591, 3, 0),
(3195, 19592, 0, 0),
(3196, 19593, 0, 0),
(3197, 19594, 0, 0),
(3198, 19595, 0, 0),
(3199, 19596, 0, 0),
(3200, 19597, 22, 2),
(3201, 19598, 0, 0),
(3202, 19599, 0, 0),
(3203, 19600, 9, 24),
(3204, 19601, 0, 0),
(3205, 19602, 0, 0),
(3206, 19603, 19, 21),
(3207, 19604, 0, 0),
(3208, 19605, 9, 24),
(3209, 19606, 0, 0),
(3210, 19607, 0, 0),
(3211, 19608, 0, 0),
(3212, 19609, 9999, 9999),
(3213, 19610, 0, 0),
(3214, 19611, 0, 0),
(3215, 19612, 0, 0),
(3216, 19613, 0, 0),
(3217, 19614, 0, 0),
(3218, 19615, 0, 0),
(3219, 19616, 0, 0),
(3220, 19617, 4, 3),
(3221, 19618, 0, 0),
(3222, 19619, 0, 0),
(3223, 19620, 11, 5),
(3224, 19621, 3, 2),
(3225, 19622, 0, 0),
(3226, 19623, 0, 0),
(3227, 19624, 0, 0),
(3228, 19625, 0, 0),
(3229, 19626, 0, 0),
(3230, 19627, 0, 0),
(3231, 19628, 0, 0),
(3232, 19629, 0, 0),
(3233, 19630, 0, 0),
(3234, 19631, 0, 0),
(3235, 19632, 0, 0),
(3236, 19633, 0, 0),
(3237, 19634, 0, 0),
(3238, 19635, 0, 0),
(3239, 19636, 0, 0),
(3240, 19637, 0, 0),
(3241, 19638, 7, 16),
(3242, 19639, 0, 0),
(3243, 19640, 0, 0),
(3244, 19641, 0, 0),
(3245, 19642, 0, 0),
(3246, 19643, 9, 99),
(3247, 19644, 0, 0),
(3248, 19645, 0, 0),
(3249, 19646, 0, 0),
(3250, 19647, 4, 30),
(3251, 19648, 0, 0),
(3252, 19649, 0, 0),
(3253, 19650, 0, 0),
(3254, 19651, 9, 0),
(3255, 19652, 0, 0),
(3256, 19653, 0, 0),
(3257, 19654, 0, 0),
(3258, 19655, 0, 0),
(3259, 19656, 0, 0),
(3260, 19657, 0, 0),
(3261, 19658, 0, 0),
(3262, 19659, 0, 0),
(3263, 19660, 0, 0),
(3264, 19661, 0, 0),
(3265, 19662, 0, 0),
(3266, 19663, 0, 0),
(3267, 19664, 0, 0),
(3268, 19665, 0, 0),
(3269, 19666, 0, 0),
(3270, 19667, 0, 0),
(3271, 19668, 0, 0),
(3272, 19669, 0, 0),
(3273, 19670, 0, 0),
(3274, 19671, 0, 0),
(3275, 19672, 13, 7),
(3276, 19673, 0, 0),
(3277, 19674, 1, 0),
(3278, 19675, 2, 0),
(3279, 19676, 0, 0),
(3280, 19677, 0, 0),
(3281, 19678, 0, 0),
(3282, 19679, 0, 0),
(3283, 19680, 0, 0),
(3284, 19681, 0, 0),
(3285, 19682, 0, 0),
(3286, 19683, 0, 0),
(3287, 19684, 0, 0),
(3288, 19685, 0, 0),
(3289, 19686, 0, 0),
(3290, 19687, 12, 11),
(3291, 19688, 9999, 9999),
(3292, 19689, 0, 0),
(3293, 19690, 9999, 9999),
(3294, 19691, 0, 0),
(3295, 19692, 0, 0),
(3296, 19693, 0, 0),
(3297, 19694, 0, 0),
(3298, 19695, 0, 0),
(3299, 19696, 0, 0),
(3300, 19697, 0, 0),
(3301, 19698, 0, 0),
(3302, 19699, 0, 0),
(3303, 19700, 0, 0),
(3304, 19701, 0, 0),
(3305, 19702, 9999, 9999),
(3306, 19703, 9, 0),
(3307, 19704, 0, 0),
(3308, 19705, 8, 11),
(3309, 19706, 17, 10),
(3310, 19707, 32, 122),
(3311, 19708, 0, 0),
(3312, 19709, 0, 0),
(3313, 19710, 0, 0),
(3314, 19711, 0, 0),
(3315, 19712, 0, 0),
(3316, 19713, 0, 0),
(3317, 19714, 4, 1),
(3318, 19715, 0, 0),
(3319, 19716, 0, 0),
(3320, 19717, 0, 0),
(3321, 19718, 0, 0),
(3322, 19719, 0, 0),
(3323, 19720, 0, 0),
(3324, 19721, 2, 0),
(3325, 19722, 0, 0),
(3326, 19723, 0, 0),
(3327, 19724, 0, 0),
(3328, 19725, 0, 0),
(3329, 19726, 0, 0),
(3330, 19727, 0, 0),
(3331, 19728, 0, 0),
(3332, 19729, 0, 0),
(3333, 19730, 0, 0),
(3334, 19731, 0, 0),
(3335, 19732, 0, 0),
(3336, 19733, 0, 0),
(3337, 19734, 0, 0),
(3338, 19735, 0, 0),
(3339, 19736, 0, 0),
(3340, 19737, 0, 0),
(3341, 19738, 0, 0),
(3342, 19739, 0, 0),
(3343, 19740, 0, 0),
(3344, 19741, 0, 0),
(3345, 19742, 0, 0),
(3346, 19743, 0, 0),
(3347, 19744, 0, 0),
(3348, 19745, 0, 0),
(3349, 19746, 0, 0),
(3350, 19747, 0, 0),
(3351, 19748, 0, 0),
(3352, 19749, 0, 0),
(3353, 19750, 0, 0),
(3354, 19751, 0, 0),
(3355, 19752, 0, 0),
(3356, 19753, 0, 0),
(3357, 19754, 0, 0),
(3358, 19755, 0, 0),
(3359, 19756, 0, 0),
(3360, 19757, 0, 0),
(3361, 19758, 0, 0),
(3362, 19759, 0, 0),
(3363, 19760, 0, 0),
(3364, 19761, 0, 0),
(3365, 19762, 0, 0),
(3366, 19763, 0, 0),
(3367, 19764, 0, 0),
(3368, 19765, 0, 0),
(3369, 19766, 0, 0),
(3370, 19767, 0, 0),
(3371, 19768, 0, 0),
(3372, 19769, 0, 0),
(3373, 19770, 0, 0),
(3374, 19771, 0, 0),
(3375, 19772, 0, 0),
(3376, 19773, 0, 0),
(3377, 19774, 0, 0),
(3378, 19775, 0, 0),
(3379, 19776, 0, 0),
(3380, 19777, 0, 0),
(3381, 19778, 0, 0),
(3382, 19779, 9, 307),
(3383, 19780, 18, 63),
(3384, 19781, 0, 0),
(3385, 19782, 0, 0),
(3386, 19783, 0, 0),
(3387, 19784, 2, 0),
(3388, 19785, 0, 0),
(3389, 19786, 0, 0),
(3390, 19787, 0, 0),
(3391, 19788, 0, 0),
(3392, 19789, 0, 0),
(3393, 19790, 0, 0),
(3394, 19791, 0, 0),
(3395, 19792, 0, 0),
(3396, 19793, 0, 0),
(3397, 19794, 0, 0),
(3398, 19795, 0, 0),
(3399, 19796, 0, 0),
(3400, 19797, 0, 0),
(3401, 19798, 0, 0),
(3402, 19799, 0, 0),
(3403, 19800, 0, 0),
(3404, 19801, 0, 0),
(3405, 19802, 0, 0),
(3406, 19803, 0, 0),
(3407, 19804, 0, 0),
(3408, 19805, 0, 0),
(3409, 19806, 0, 0),
(3410, 19807, 0, 0),
(3411, 19808, 0, 0),
(3412, 19809, 0, 0),
(3413, 19810, 0, 0),
(3414, 19811, 0, 0),
(3415, 19812, 0, 0),
(3416, 19813, 0, 0),
(3417, 19814, 9999, 9999),
(3418, 19815, 0, 0),
(3419, 19816, 10, 11),
(3420, 19817, 0, 0),
(3421, 19818, 0, 0),
(3422, 19819, 0, 0),
(3423, 19820, 2, 0),
(3424, 19821, 15, 11),
(3425, 19822, 0, 0),
(3426, 19823, 0, 0),
(3427, 19824, 0, 0),
(3428, 19825, 5, 31),
(3429, 19826, 0, 0),
(3430, 19827, 6, 0),
(3431, 19828, 0, 0),
(3432, 19829, 0, 0),
(3433, 19830, 125, 549),
(3434, 19831, 4, 0),
(3435, 19832, 0, 0),
(3436, 19833, 0, 0),
(3437, 19834, 0, 0),
(3438, 19835, 0, 0),
(3439, 19836, 0, 0),
(3440, 19837, 0, 0),
(3441, 19838, 0, 0),
(3442, 19839, 0, 0),
(3443, 19840, 0, 0),
(3444, 19841, 9999, 9999),
(3445, 19842, 0, 0),
(3446, 19843, 0, 0),
(3447, 19844, 0, 0),
(3448, 19845, 0, 0),
(3449, 19846, 0, 0),
(3450, 19847, 0, 0),
(3451, 19848, 0, 0),
(3452, 19849, 0, 0),
(3453, 19850, 0, 0),
(3454, 19851, 0, 0),
(3455, 19852, 0, 0),
(3456, 19853, 10, 4),
(3457, 19894, 0, 0),
(3458, 19895, 15, 0),
(3459, 19896, 0, 0),
(3460, 19897, 0, 0),
(3461, 19898, 9999, 9999),
(3462, 19899, 0, 0),
(3463, 19900, 0, 0),
(3464, 19901, 5, 4),
(3465, 19902, 0, 0),
(3466, 19903, 14, 151),
(3467, 19904, 0, 0),
(3468, 19905, 0, 0),
(3469, 19906, 9999, 9999),
(3470, 19907, 0, 0),
(3471, 19908, 0, 0),
(3472, 19909, 0, 0),
(3473, 19910, 0, 0),
(3474, 19911, 48, 292),
(3475, 19912, 31, 1177),
(3476, 19913, 13, 22),
(3477, 19914, 0, 0),
(3478, 19915, 0, 0),
(3479, 19916, 17, 0),
(3480, 19917, 0, 0),
(3481, 19918, 0, 0),
(3482, 19919, 0, 0),
(3483, 19920, 0, 0),
(3484, 19921, 3, 0),
(3485, 19922, 0, 0),
(3486, 19923, 0, 0),
(3487, 19924, 4, 0),
(3488, 19925, 0, 0),
(3489, 19926, 0, 0),
(3490, 19927, 0, 0),
(3491, 19928, 0, 0),
(3492, 19929, 0, 0),
(3493, 19930, 0, 0),
(3494, 19931, 0, 0),
(3495, 19932, 0, 0),
(3496, 19933, 0, 0),
(3497, 19934, 8, 7),
(3498, 19935, 0, 0),
(3499, 19936, 0, 0),
(3500, 19937, 0, 0),
(3501, 19938, 0, 0),
(3502, 19939, 0, 0),
(3503, 19940, 0, 0),
(3504, 19941, 0, 0),
(3505, 19942, 0, 0),
(3506, 19943, 0, 0),
(3507, 19944, 0, 0),
(3508, 19945, 8, 41),
(3509, 19946, 9, 6),
(3510, 19947, 0, 0),
(3511, 19948, 3, 0),
(3512, 19949, 0, 0),
(3513, 19950, 0, 0),
(3514, 19951, 0, 0),
(3515, 19952, 22, 2),
(3516, 19953, 45, 363),
(3517, 19954, 10, 1),
(3518, 19955, 0, 0),
(3519, 19956, 0, 0),
(3520, 19957, 0, 0),
(3521, 19958, 0, 0),
(3522, 19959, 0, 0),
(3523, 19960, 0, 0),
(3524, 19961, 0, 0),
(3525, 19962, 0, 0),
(3526, 19963, 0, 0),
(3527, 19964, 0, 0),
(3528, 19965, 0, 0),
(3529, 19966, 9999, 9999),
(3530, 19967, 0, 0),
(3531, 19968, 0, 0),
(3532, 19969, 0, 0),
(3533, 19970, 0, 0),
(3534, 19971, 0, 0),
(3535, 19972, 0, 0),
(3536, 19973, 1, 0),
(3537, 19974, 4, 2),
(3538, 19975, 0, 0),
(3539, 19976, 0, 0),
(3540, 19977, 0, 0),
(3541, 19978, 0, 0),
(3542, 19979, 0, 0),
(3543, 19980, 0, 0),
(3544, 19981, 0, 0),
(3545, 19982, 0, 0),
(3546, 19983, 0, 0),
(3547, 19984, 0, 0),
(3548, 19985, 9999, 9999),
(3549, 19986, 0, 0),
(3550, 19987, 0, 0),
(3551, 19988, 0, 0),
(3552, 19989, 14, 64),
(3553, 19990, 9, 47),
(3554, 19991, 0, 0),
(3555, 19992, 0, 0),
(3556, 19993, 0, 0),
(3557, 19994, 0, 0),
(3558, 19995, 0, 0),
(3559, 19996, 0, 0),
(3560, 19997, 9999, 9999),
(3561, 19998, 0, 0),
(3562, 19999, 0, 0),
(3563, 20000, 6, 2),
(3564, 20001, 0, 0),
(3565, 20002, 5, 6),
(3566, 20003, 0, 0),
(3567, 20004, 0, 0),
(3568, 20005, 0, 0),
(3569, 20006, 0, 0),
(3570, 20007, 0, 0),
(3571, 20008, 0, 0),
(3572, 20009, 0, 0),
(3573, 20010, 0, 0),
(3574, 20011, 0, 0),
(3575, 20038, 0, 0),
(3576, 20039, 0, 0),
(3577, 20040, 0, 0),
(3578, 20041, 0, 0),
(3579, 20042, 0, 0),
(3580, 20043, 0, 0),
(3581, 20044, 0, 0),
(3582, 20045, 0, 0),
(3583, 20046, 0, 0),
(3584, 20047, 0, 0),
(3585, 20048, 0, 0),
(3586, 20049, 0, 0),
(3587, 20050, 0, 0),
(3588, 20051, 0, 0),
(3589, 20052, 0, 0),
(3590, 20053, 23, 44),
(3591, 20054, 0, 0),
(3592, 20055, 0, 0),
(3593, 20056, 9999, 9999),
(3594, 20057, 0, 0),
(3595, 20058, 0, 0),
(3596, 20060, 0, 0),
(3597, 20061, 0, 0),
(3598, 20062, 0, 0),
(3599, 20063, 0, 0),
(3600, 20064, 0, 0),
(3601, 20065, 0, 0),
(3602, 20066, 0, 0),
(3603, 20067, 0, 0),
(3604, 20068, 3, 0),
(3605, 20069, 0, 0),
(3606, 20070, 0, 0),
(3607, 20071, 0, 0),
(3608, 20072, 0, 0),
(3609, 20073, 0, 0),
(3610, 20074, 0, 0),
(3611, 20075, 0, 0),
(3612, 20076, 4, 2),
(3613, 20077, 16, 8),
(3614, 20078, 0, 0),
(3615, 20079, 0, 0),
(3616, 20080, 0, 0),
(3617, 20081, 23, 44),
(3618, 20082, 0, 0),
(3619, 20083, 0, 0),
(3620, 20084, 4, 0),
(3621, 20085, 0, 0),
(3622, 20086, 0, 0),
(3623, 20087, 8, 20),
(3624, 20088, 0, 0),
(3625, 20089, 0, 0),
(3626, 20090, 0, 0),
(3627, 20091, 0, 0),
(3628, 20092, 60, 59),
(3629, 20093, 38, 42),
(3630, 20094, 0, 0),
(3631, 20095, 0, 0),
(3632, 20096, 0, 0),
(3633, 20097, 0, 0),
(3634, 20098, 0, 0),
(3635, 20099, 0, 0),
(3636, 20100, 0, 0),
(3637, 20101, 0, 0),
(3638, 20102, 0, 0),
(3639, 20103, 0, 0),
(3640, 20104, 0, 0),
(3641, 20105, 0, 0),
(3642, 20106, 0, 0),
(3643, 20107, 0, 0),
(3644, 20108, 0, 0),
(3645, 20109, 0, 0),
(3646, 20110, 0, 0),
(3647, 20111, 0, 0),
(3648, 20112, 0, 0),
(3649, 20113, 0, 0),
(3650, 20114, 0, 0),
(3651, 20115, 0, 0),
(3652, 20116, 0, 0),
(3653, 20117, 0, 0),
(3654, 20118, 0, 0),
(3655, 20119, 3, 0),
(3656, 20120, 0, 0),
(3657, 20121, 0, 0),
(3658, 20122, 8, 3),
(3659, 20123, 0, 0),
(3660, 20124, 0, 0),
(3661, 20125, 0, 0),
(3662, 20126, 0, 0),
(3663, 20127, 4, 1),
(3664, 20128, 0, 0),
(3665, 20129, 0, 0),
(3666, 20130, 0, 0),
(3667, 20131, 9999, 9999),
(3668, 20132, 0, 0),
(3669, 20133, 0, 0),
(3670, 20134, 0, 0),
(3671, 20135, 6, 1),
(3672, 20136, 0, 0),
(3673, 20137, 0, 0),
(3674, 20138, 0, 0),
(3675, 20139, 0, 0),
(3676, 20140, 0, 0),
(3677, 20141, 0, 0),
(3678, 20142, 0, 0),
(3679, 20143, 0, 0),
(3680, 20144, 0, 0),
(3681, 20145, 0, 0),
(3682, 20146, 0, 0),
(3683, 20147, 0, 0),
(3684, 20148, 0, 0),
(3685, 20149, 0, 0),
(3686, 20150, 0, 0),
(3687, 20151, 0, 0),
(3688, 20152, 4, 4),
(3689, 20153, 0, 0),
(3690, 20154, 0, 0),
(3691, 20155, 0, 0),
(3692, 20156, 0, 0),
(3693, 20157, 0, 0),
(3694, 20158, 0, 0),
(3695, 20159, 0, 0),
(3696, 20160, 0, 0),
(3697, 20161, 0, 0),
(3698, 20162, 0, 0),
(3699, 20163, 0, 0),
(3700, 20164, 0, 0),
(3701, 20165, 0, 0),
(3702, 20166, 0, 0),
(3703, 20167, 0, 0),
(3704, 20168, 0, 0),
(3705, 20169, 0, 0),
(3706, 20170, 6, 12),
(3707, 20171, 0, 0),
(3708, 20172, 2, 0),
(3709, 20173, 0, 0),
(3710, 20174, 0, 0),
(3711, 20175, 0, 0),
(3712, 20176, 0, 0),
(3713, 20177, 0, 0),
(3714, 20178, 0, 0),
(3715, 20179, 0, 0),
(3716, 20180, 0, 0),
(3717, 20181, 0, 0),
(3718, 20182, 26, 73),
(3719, 20183, 24, 73),
(3720, 20184, 0, 0),
(3721, 20185, 50, 663),
(3722, 20186, 7, 7),
(3723, 20187, 0, 0),
(3724, 20188, 0, 0),
(3725, 20189, 4, 1),
(3726, 20190, 0, 0),
(3727, 20191, 0, 0),
(3728, 20192, 14, 19),
(3729, 20193, 0, 0),
(3730, 20194, 0, 0),
(3731, 20195, 0, 0),
(3732, 20196, 0, 0),
(3733, 20197, 8, 26),
(3734, 20198, 0, 0),
(3735, 20199, 29, 54),
(3736, 20200, 26, 73),
(3737, 20201, 24, 73),
(3738, 20202, 0, 0),
(3739, 20203, 0, 0),
(3740, 20204, 0, 0),
(3741, 20205, 0, 0),
(3742, 20206, 0, 0),
(3743, 20207, 32, 7),
(3744, 20208, 0, 0),
(3745, 20209, 0, 0),
(3746, 20210, 0, 0),
(3747, 20211, 0, 0),
(3748, 20212, 0, 0),
(3749, 20213, 0, 0),
(3750, 20214, 0, 0),
(3751, 20215, 0, 0),
(3752, 20216, 0, 0),
(3753, 20217, 6, 1),
(3754, 20218, 8, 4),
(3755, 20219, 0, 0),
(3756, 20220, 0, 0),
(3757, 20221, 0, 0),
(3758, 20222, 0, 0),
(3759, 20223, 0, 0),
(3760, 20224, 0, 0),
(3761, 20225, 0, 0),
(3762, 20226, 0, 0),
(3763, 20227, 0, 0),
(3764, 20228, 0, 0),
(3765, 20229, 9, 376),
(3766, 20230, 6, 12),
(3767, 20231, 0, 0),
(3768, 20232, 0, 0),
(3769, 20233, 0, 0),
(3770, 20234, 0, 0),
(3771, 20235, 0, 0),
(3772, 20236, 0, 0),
(3773, 20237, 13, 79),
(3774, 20238, 0, 0),
(3775, 20239, 0, 0),
(3776, 20240, 0, 0),
(3777, 20241, 9, 7),
(3778, 20242, 0, 0),
(3779, 20243, 0, 0),
(3780, 20244, 0, 0),
(3781, 20245, 0, 0),
(3782, 20246, 0, 0),
(3783, 20247, 50, 663),
(3784, 20248, 4, 0),
(3785, 20249, 8, 4),
(3786, 20250, 4, 1),
(3787, 20251, 0, 0),
(3788, 20252, 0, 0),
(3789, 20253, 0, 0),
(3790, 20254, 0, 0),
(3791, 20255, 9999, 9999),
(3792, 20256, 0, 0),
(3793, 20257, 0, 0),
(3794, 20258, 0, 0),
(3795, 20259, 0, 0),
(3796, 20260, 0, 0),
(3797, 20261, 0, 0),
(3798, 20262, 0, 0),
(3799, 20263, 0, 0),
(3800, 20264, 0, 0),
(3801, 20265, 0, 0),
(3802, 20266, 13, 33),
(3803, 20267, 0, 0),
(3804, 20268, 30, 14),
(3805, 20269, 0, 0),
(3806, 20270, 2, 1),
(3807, 20271, 0, 0),
(3808, 20272, 0, 0),
(3809, 20273, 0, 0),
(3810, 20274, 0, 0),
(3811, 20275, 10, 2),
(3812, 20276, 0, 0),
(3813, 20277, 0, 0),
(3814, 20278, 15, 0),
(3815, 20279, 0, 0),
(3816, 20280, 0, 0),
(3817, 20281, 0, 0),
(3818, 20282, 0, 0),
(3819, 20283, 0, 0),
(3820, 20284, 0, 0),
(3821, 20285, 0, 0),
(3822, 20286, 0, 0),
(3823, 20287, 0, 0),
(3824, 20288, 75, 6),
(3825, 20289, 0, 0),
(3826, 20290, 9, 2),
(3827, 20291, 33, 44),
(3828, 20292, 0, 0),
(3829, 20293, 0, 0),
(3830, 20294, 0, 0),
(3831, 20295, 0, 0),
(3832, 20296, 9999, 9999),
(3833, 20297, 33, 44),
(3834, 20298, 19, 14),
(3835, 20299, 0, 0),
(3836, 20300, 0, 0),
(3837, 20301, 0, 0),
(3838, 20302, 0, 0),
(3839, 20303, 0, 0),
(3840, 20304, 6, 12),
(3841, 20305, 98, 8),
(3842, 20306, 40, 151),
(3843, 20307, 0, 0),
(3844, 20308, 9999, 9999),
(3845, 20309, 0, 0),
(3846, 20310, 0, 0),
(3847, 20311, 0, 0),
(3848, 20312, 0, 0),
(3849, 20313, 0, 0),
(3850, 20314, 0, 0),
(3851, 20315, 0, 0),
(3852, 20316, 0, 0),
(3853, 20317, 0, 0),
(3854, 20318, 0, 0),
(3855, 20319, 0, 0),
(3856, 20320, 0, 0),
(3857, 20321, 13, 7),
(3858, 20322, 0, 0),
(3859, 20323, 0, 0),
(3860, 20324, 0, 0),
(3861, 20325, 9999, 9999),
(3862, 20326, 0, 0),
(3863, 20327, 0, 0),
(3864, 20328, 0, 0),
(3865, 20329, 0, 0),
(3866, 20330, 16, 1),
(3867, 20331, 0, 0),
(3868, 20332, 0, 0),
(3869, 20333, 0, 0),
(3870, 20334, 0, 0),
(3871, 20335, 0, 0),
(3872, 20336, 0, 0),
(3873, 20337, 0, 0),
(3874, 20338, 0, 0),
(3875, 20339, 0, 0),
(3876, 20340, 0, 0),
(3877, 20341, 0, 0),
(3878, 20342, 0, 0),
(3879, 20343, 0, 0),
(3880, 20344, 0, 0),
(3881, 20345, 0, 0),
(3882, 20346, 0, 0),
(3883, 20347, 0, 0),
(3884, 20348, 0, 0),
(3885, 20349, 0, 0),
(3886, 20350, 9999, 9999),
(3887, 20351, 0, 0),
(3888, 20352, 0, 0),
(3889, 20353, 37, 79),
(3890, 20354, 0, 0),
(3891, 20355, 0, 0),
(3892, 20356, 0, 0),
(3893, 20358, 13, 22),
(3894, 20359, 0, 0),
(3895, 20360, 9999, 9999),
(3896, 20361, 0, 0),
(3897, 20362, 0, 0),
(3898, 20363, 0, 0),
(3899, 20364, 0, 0),
(3900, 20365, 0, 0),
(3901, 20366, 9999, 9999),
(3902, 20367, 0, 0),
(3903, 20368, 0, 0),
(3904, 20369, 0, 0),
(3905, 20370, 0, 0),
(3906, 20371, 0, 0),
(3907, 20372, 0, 0),
(3908, 20373, 0, 0),
(3909, 20374, 27, 0),
(3910, 20375, 0, 0),
(3911, 20376, 0, 0),
(3912, 20377, 0, 0),
(3913, 20378, 0, 0),
(3914, 20379, 0, 0),
(3915, 20380, 0, 0),
(3916, 20381, 0, 0),
(3917, 20382, 26, 27),
(3918, 20383, 9, 44),
(3919, 20384, 0, 0),
(3920, 20385, 14, 19),
(3921, 20386, 0, 0),
(3922, 20387, 0, 0),
(3923, 20388, 0, 0),
(3924, 20389, 0, 0),
(3925, 20390, 0, 0),
(3926, 20391, 55, 190),
(3927, 20392, 0, 0),
(3928, 20393, 0, 0),
(3929, 20394, 0, 0),
(3930, 20395, 0, 0),
(3931, 20396, 0, 0),
(3932, 20397, 0, 0),
(3933, 20398, 0, 0),
(3934, 20399, 13, 32),
(3935, 20400, 0, 0),
(3936, 20401, 0, 0),
(3937, 20402, 0, 0),
(3938, 20403, 0, 0),
(3939, 20404, 8, 7),
(3940, 20405, 0, 0),
(3941, 20406, 0, 0),
(3942, 20407, 0, 0),
(3943, 20408, 0, 0),
(3944, 20409, 0, 0),
(3945, 20410, 0, 0),
(3946, 20411, 0, 0),
(3947, 20412, 0, 0),
(3948, 20413, 0, 0),
(3949, 20414, 0, 0),
(3950, 20415, 0, 0),
(3951, 20416, 0, 0),
(3952, 20417, 17, 1),
(3953, 20418, 13, 0),
(3954, 20419, 18, 145),
(3955, 20420, 0, 0),
(3956, 20421, 0, 0),
(3957, 20422, 0, 0),
(3958, 20423, 0, 0),
(3959, 20424, 0, 0),
(3960, 20425, 4, 2),
(3961, 20426, 0, 0),
(3962, 20427, 0, 0),
(3963, 20428, 0, 0),
(3964, 20429, 18, 63),
(3965, 20430, 0, 0),
(3966, 20431, 0, 0),
(3967, 20432, 0, 0),
(3968, 20433, 0, 0),
(3969, 20434, 0, 0),
(3970, 20435, 184, 3014),
(3971, 20436, 4, 0),
(3972, 20437, 0, 0),
(3973, 20438, 0, 0),
(3974, 20439, 0, 0),
(3975, 20440, 1, 0),
(3976, 20441, 0, 0),
(3977, 20442, 0, 0),
(3978, 20443, 0, 0),
(3979, 20444, 0, 0),
(3980, 20445, 184, 3014),
(3981, 20446, 0, 0),
(3982, 20447, 6, 2),
(3983, 20448, 5, 0),
(3984, 20449, 0, 0),
(3985, 20450, 0, 0),
(3986, 20451, 0, 0),
(3987, 20452, 0, 0),
(3988, 20453, 0, 0),
(3989, 20454, 0, 0),
(3990, 20455, 0, 0),
(3991, 20456, 0, 0),
(3992, 20457, 0, 0),
(3993, 20458, 1, 0),
(3994, 20459, 0, 0),
(3995, 20460, 0, 0),
(3996, 20461, 0, 0),
(3997, 20462, 0, 0),
(3998, 20463, 0, 0),
(3999, 20464, 0, 0),
(4000, 20465, 0, 0),
(4001, 20466, 0, 0),
(4002, 20467, 0, 0),
(4003, 20468, 11, 0),
(4004, 20469, 0, 0),
(4005, 20470, 0, 0),
(4006, 20471, 0, 0),
(4007, 20472, 0, 0),
(4008, 20473, 0, 0),
(4009, 20474, 0, 0),
(4010, 20516, 0, 0),
(4011, 20517, 0, 0),
(4012, 20518, 0, 0),
(4013, 20519, 0, 0),
(4014, 20520, 0, 0),
(4015, 20521, 0, 0),
(4016, 20522, 30, 14),
(4017, 20523, 0, 0),
(4018, 20524, 0, 0),
(4019, 20525, 0, 0),
(4020, 20526, 0, 0),
(4021, 20527, 0, 0),
(4022, 20528, 0, 0),
(4023, 20529, 0, 0),
(4024, 20530, 0, 0),
(4025, 20531, 0, 0),
(4026, 20532, 0, 0),
(4027, 20533, 0, 0),
(4028, 20534, 0, 0),
(4029, 20535, 0, 0),
(4030, 20536, 16, 2),
(4031, 20537, 0, 0),
(4032, 20538, 9, 1),
(4033, 20539, 0, 0),
(4034, 20540, 0, 0),
(4035, 20541, 0, 0),
(4036, 20542, 17, 1),
(4037, 20543, 0, 0),
(4038, 20544, 0, 0),
(4039, 20545, 5, 0),
(4040, 20546, 0, 0),
(4041, 20547, 5, 0),
(4042, 20548, 0, 0),
(4043, 20549, 16, 2),
(4044, 20550, 0, 0),
(4045, 20551, 0, 0),
(4046, 20552, 0, 0),
(4047, 20553, 30, 14),
(4048, 20554, 0, 0),
(4049, 20555, 9, 1),
(4050, 20556, 0, 0),
(4051, 20557, 0, 0),
(4052, 20558, 0, 0),
(4053, 20559, 0, 0),
(4054, 20560, 0, 0),
(4055, 20561, 0, 0),
(4056, 20562, 0, 0),
(4057, 20563, 0, 0),
(4058, 20564, 0, 0),
(4059, 20565, 46, 257),
(4060, 20566, 26, 3),
(4061, 20567, 0, 0),
(4062, 20568, 0, 0),
(4063, 20569, 0, 0),
(4064, 20570, 0, 0),
(4065, 20571, 0, 0),
(4066, 20572, 0, 0),
(4067, 20573, 11, 0),
(4068, 20574, 286, 984),
(4069, 20575, 5, 0),
(4070, 20576, 0, 0),
(4071, 20577, 0, 0),
(4072, 20578, 0, 0),
(4073, 20579, 16, 0),
(4074, 20580, 0, 0),
(4075, 20581, 2, 1),
(4076, 20582, 0, 0),
(4077, 20583, 0, 0),
(4078, 20584, 0, 0),
(4079, 20585, 0, 0),
(4080, 20586, 0, 0),
(4081, 20587, 0, 0),
(4082, 20588, 0, 0),
(4083, 20589, 0, 0),
(4084, 20590, 0, 0),
(4085, 20591, 0, 0),
(4086, 20592, 0, 0),
(4087, 20593, 0, 0),
(4088, 20594, 0, 0),
(4089, 20595, 0, 0),
(4090, 20596, 0, 0),
(4091, 20597, 0, 0),
(4092, 20598, 0, 0),
(4093, 20599, 0, 0),
(4094, 20600, 0, 0),
(4095, 20601, 0, 0),
(4096, 20602, 0, 0),
(4097, 20603, 0, 0),
(4098, 20604, 13, 0),
(4099, 20605, 0, 0),
(4100, 20606, 26, 3),
(4101, 20607, 0, 0),
(4102, 20608, 0, 0),
(4103, 20609, 0, 0),
(4104, 20610, 9, 2),
(4105, 20611, 4, 17),
(4106, 20612, 18, 38),
(4107, 20613, 0, 0),
(4108, 20614, 36, 26),
(4109, 20615, 0, 0),
(4110, 20616, 13, 1),
(4111, 20617, 22, 111),
(4112, 20618, 0, 0),
(4113, 20619, 0, 0),
(4114, 20620, 0, 0),
(4115, 20621, 12, 98),
(4116, 20622, 0, 0),
(4117, 20623, 0, 0),
(4118, 20624, 0, 0),
(4119, 20625, 0, 0),
(4120, 20626, 0, 0),
(4121, 20627, 0, 0),
(4122, 20628, 0, 0),
(4123, 20629, 8, 7),
(4124, 20630, 0, 0),
(4125, 20679, 18, 23),
(4126, 20680, 0, 0),
(4127, 20681, 77, 305),
(4128, 20682, 0, 0),
(4129, 20683, 21, 101),
(4130, 20684, 0, 0),
(4131, 20685, 0, 0),
(4132, 20686, 26, 48),
(4133, 20687, 32, 122),
(4134, 20688, 39, 136),
(4135, 20689, 0, 0),
(4136, 20690, 30, 12),
(4137, 20691, 31, 17),
(4138, 20692, 0, 0),
(4139, 20693, 9999, 9999),
(4140, 20694, 0, 0),
(4141, 20695, 12, 5),
(4142, 20696, 0, 0),
(4143, 20697, 0, 0),
(4144, 20698, 0, 0),
(4145, 20699, 0, 0),
(4146, 20700, 9999, 9999),
(4147, 20701, 50, 547),
(4148, 20702, 0, 0),
(4149, 20703, 26, 107),
(4150, 20704, 0, 0),
(4151, 20705, 0, 0),
(4152, 20706, 0, 0),
(4153, 20707, 11, 10),
(4154, 20708, 15, 0),
(4155, 20709, 0, 0),
(4156, 20710, 71, 209),
(4157, 20711, 41, 119),
(4158, 20712, 26, 38),
(4159, 20713, 33, 33),
(4160, 20714, 0, 0),
(4161, 20715, 0, 0),
(4162, 20716, 0, 0),
(4163, 20717, 0, 0),
(4164, 20718, 0, 0),
(4165, 20719, 16, 39),
(4166, 20720, 0, 0),
(4167, 20721, 19, 137),
(4168, 20722, 9, 3),
(4169, 20723, 2, 0),
(4170, 20724, 0, 0),
(4171, 20725, 9, 13),
(4172, 20726, 0, 0),
(4173, 20727, 23, 16),
(4174, 20728, 0, 0),
(4175, 20729, 5, 5),
(4176, 20730, 0, 0),
(4177, 20731, 8, 39),
(4178, 20732, 0, 0),
(4179, 20733, 0, 0),
(4180, 20734, 23, 34),
(4181, 20735, 0, 0),
(4182, 20736, 0, 0),
(4183, 20737, 10, 3),
(4184, 20738, 0, 0),
(4185, 20739, 0, 0),
(4186, 20740, 0, 0),
(4187, 20741, 5, 24),
(4188, 20742, 0, 0),
(4189, 20743, 0, 0),
(4190, 20744, 33, 28),
(4191, 20745, 0, 0),
(4192, 20746, 15, 5),
(4193, 20747, 0, 0),
(4194, 20748, 0, 0),
(4195, 20749, 0, 0),
(4196, 20750, 0, 0),
(4197, 20751, 0, 0),
(4198, 20752, 9999, 9999),
(4199, 20753, 0, 0),
(4200, 20754, 0, 0),
(4201, 20755, 0, 0),
(4202, 20756, 0, 0),
(4203, 20757, 0, 0),
(4204, 20758, 0, 0),
(4205, 20759, 0, 0),
(4206, 20760, 0, 0),
(4207, 20761, 0, 0),
(4208, 20762, 0, 0),
(4209, 20763, 9, 4),
(4210, 20764, 0, 0),
(4211, 20765, 0, 0),
(4212, 20766, 0, 0),
(4213, 20767, 0, 0),
(4214, 20768, 0, 0),
(4215, 20769, 2, 0),
(4216, 20770, 0, 0),
(4217, 20771, 0, 0),
(4218, 20772, 0, 0),
(4219, 20773, 0, 0),
(4220, 20774, 0, 0),
(4221, 20775, 0, 0),
(4222, 20776, 8, 0),
(4223, 20777, 0, 0),
(4224, 20778, 0, 0),
(4225, 20825, 0, 0),
(4226, 20826, 0, 0),
(4227, 20827, 0, 0),
(4228, 20828, 0, 0),
(4229, 20829, 0, 0),
(4230, 20830, 0, 0),
(4231, 20831, 0, 0),
(4232, 20832, 0, 0),
(4233, 20833, 0, 0),
(4234, 20834, 9999, 9999),
(4235, 20835, 0, 0),
(4236, 20836, 0, 0),
(4237, 20837, 0, 0),
(4238, 20838, 0, 0),
(4239, 20839, 3, 6),
(4240, 20840, 0, 0),
(4241, 20841, 0, 0),
(4242, 20842, 0, 0),
(4243, 20843, 0, 0),
(4244, 20844, 0, 0),
(4245, 20845, 0, 0),
(4246, 20846, 0, 0),
(4247, 20847, 0, 0),
(4248, 20848, 0, 0),
(4249, 20849, 0, 0),
(4250, 20850, 41, 24),
(4251, 20851, 0, 0),
(4252, 20852, 0, 0),
(4253, 20853, 16, 21),
(4254, 20854, 4, 12),
(4255, 20855, 0, 0),
(4256, 20856, 0, 0),
(4257, 20857, 0, 0),
(4258, 20858, 6, 1),
(4259, 20859, 62, 174),
(4260, 20860, 0, 0),
(4261, 20861, 0, 0),
(4262, 20862, 0, 0),
(4263, 20863, 0, 0),
(4264, 20864, 0, 0),
(4265, 20865, 9999, 9999),
(4266, 20866, 0, 0),
(4267, 20867, 8, 4),
(4268, 20868, 0, 0),
(4269, 20869, 0, 0),
(4270, 20870, 0, 0),
(4271, 20871, 0, 0),
(4272, 20872, 0, 0),
(4273, 20873, 0, 0),
(4274, 20874, 0, 0),
(4275, 20875, 16, 1),
(4276, 20876, 0, 0),
(4277, 20877, 0, 0),
(4278, 20878, 0, 0),
(4279, 20879, 5, 0),
(4280, 20880, 0, 0),
(4281, 20881, 0, 0),
(4282, 20882, 0, 0),
(4283, 20883, 0, 0),
(4284, 20884, 5, 0),
(4285, 20885, 0, 0),
(4286, 20886, 0, 0),
(4287, 20887, 0, 0),
(4288, 20888, 0, 0),
(4289, 20889, 0, 0),
(4290, 20890, 0, 0),
(4291, 20891, 0, 0),
(4292, 20892, 0, 0),
(4293, 20893, 0, 0),
(4294, 20894, 1, 2),
(4295, 20895, 0, 0),
(4296, 20896, 0, 0),
(4297, 20897, 0, 0),
(4298, 20898, 0, 0),
(4299, 20899, 0, 0),
(4300, 20900, 9999, 9999),
(4301, 20901, 9999, 9999),
(4302, 20902, 0, 0),
(4303, 20903, 0, 0),
(4304, 20904, 0, 0),
(4305, 20905, 0, 0),
(4306, 20906, 0, 0),
(4307, 20907, 0, 0),
(4308, 20908, 0, 0),
(4309, 20909, 27, 17),
(4310, 20910, 0, 0),
(4311, 20911, 18, 91),
(4312, 20912, 0, 0),
(4313, 20913, 0, 0),
(4314, 20914, 8, 11),
(4315, 20915, 0, 0),
(4316, 20916, 10, 5),
(4317, 20917, 0, 0),
(4318, 20918, 0, 0),
(4319, 20919, 0, 0),
(4320, 20920, 0, 0),
(4321, 20921, 9, 11),
(4322, 20922, 0, 0),
(4323, 20923, 0, 0),
(4324, 20924, 0, 0),
(4325, 20925, 0, 0),
(4326, 20926, 13, 58),
(4327, 20927, 11, 11),
(4328, 20928, 0, 0),
(4329, 20929, 33, 44),
(4330, 20930, 9, 89),
(4331, 20931, 0, 0),
(4332, 20932, 0, 0),
(4333, 20956, 4, 0),
(4334, 20957, 0, 0),
(4335, 20958, 0, 0),
(4336, 20959, 18, 5),
(4337, 20960, 0, 0),
(4338, 20961, 0, 0),
(4339, 20962, 0, 0),
(4340, 20963, 0, 0),
(4341, 20964, 9999, 9999),
(4342, 20965, 6, 59),
(4343, 20966, 5, 0),
(4344, 20967, 0, 0),
(4345, 20968, 0, 0),
(4346, 20969, 0, 0),
(4347, 20970, 47, 20),
(4348, 20971, 0, 0),
(4349, 20972, 25, 79),
(4350, 20973, 0, 0),
(4351, 20974, 0, 0),
(4352, 20975, 14, 6),
(4353, 20976, 0, 0),
(4354, 20977, 0, 0),
(4355, 20978, 0, 0),
(4356, 20979, 5, 1),
(4357, 20980, 0, 0),
(4358, 20981, 0, 0),
(4359, 20982, 0, 0),
(4360, 20983, 17, 5),
(4361, 20984, 22, 30),
(4362, 20985, 0, 0),
(4363, 20986, 49, 42),
(4364, 20987, 0, 0),
(4365, 20988, 0, 0),
(4366, 20989, 2, 1),
(4367, 20990, 0, 0),
(4368, 20991, 0, 0),
(4369, 20992, 2, 1),
(4370, 20993, 0, 0),
(4371, 20994, 0, 0),
(4372, 20995, 0, 0),
(4373, 20996, 76, 56),
(4374, 20997, 0, 0),
(4375, 20998, 0, 0),
(4376, 20999, 0, 0),
(4377, 21000, 0, 0),
(4378, 21001, 2, 0),
(4379, 21002, 0, 0),
(4380, 21003, 0, 0),
(4381, 21004, 0, 0),
(4382, 21005, 12, 6),
(4383, 21006, 0, 0),
(4384, 21007, 0, 0),
(4385, 21008, 0, 0),
(4386, 21009, 0, 0),
(4387, 21010, 0, 0),
(4388, 21011, 0, 0),
(4389, 21012, 0, 0),
(4390, 21013, 0, 0),
(4391, 21014, 0, 0),
(4392, 21015, 0, 0),
(4393, 21016, 0, 0),
(4394, 21017, 11, 5),
(4395, 21018, 0, 0),
(4396, 21019, 0, 0),
(4397, 21020, 1, 0),
(4398, 21021, 0, 0),
(4399, 21022, 2, 2),
(4400, 21023, 1, 0),
(4401, 21024, 0, 0),
(4402, 21025, 28, 109),
(4403, 21026, 18, 87),
(4404, 21027, 16, 50),
(4405, 21028, 24, 108),
(4406, 21029, 0, 0),
(4407, 21030, 3, 3),
(4408, 21031, 19, 39),
(4409, 21032, 0, 0),
(4410, 21033, 0, 0),
(4411, 21034, 0, 0),
(4412, 21035, 42, 128),
(4413, 21036, 0, 0),
(4414, 21037, 50, 172),
(4415, 21038, 0, 0),
(4416, 21039, 0, 0),
(4417, 21040, 9999, 9999),
(4418, 21041, 29, 7),
(4419, 21042, 0, 0),
(4420, 21043, 0, 0),
(4421, 21044, 26, 107),
(4422, 21045, 0, 0),
(4423, 21046, 0, 0),
(4424, 21047, 0, 0),
(4425, 21048, 16, 67),
(4426, 21049, 0, 0),
(4427, 21050, 0, 0),
(4428, 21051, 6, 30),
(4429, 21052, 0, 0),
(4430, 21053, 9, 6),
(4431, 21054, 0, 0),
(4432, 21055, 0, 0),
(4433, 21082, 0, 0),
(4434, 21083, 68, 125),
(4435, 21084, 107, 32),
(4436, 21085, 0, 0),
(4437, 21086, 0, 0),
(4438, 21087, 0, 0),
(4439, 21088, 0, 0),
(4440, 21089, 9999, 9999),
(4441, 21090, 10, 2),
(4442, 21091, 2, 2),
(4443, 21092, 0, 0),
(4444, 21093, 0, 0),
(4445, 21094, 0, 0),
(4446, 21095, 0, 0),
(4447, 21096, 0, 0),
(4448, 21097, 0, 0),
(4449, 21098, 0, 0),
(4450, 21099, 0, 0),
(4451, 21100, 0, 0),
(4452, 21101, 0, 0),
(4453, 21102, 0, 0),
(4454, 21103, 0, 0),
(4455, 21104, 0, 0),
(4456, 21105, 0, 0),
(4457, 21106, 0, 0),
(4458, 21107, 60, 177),
(4459, 21108, 0, 0),
(4460, 21109, 0, 0),
(4461, 21110, 0, 0),
(4462, 21111, 40, 76),
(4463, 21112, 0, 0),
(4464, 21113, 0, 0),
(4465, 21114, 0, 0),
(4466, 21115, 0, 0),
(4467, 21116, 0, 0),
(4468, 21117, 0, 0),
(4469, 21118, 0, 0),
(4470, 21119, 29, 428),
(4471, 21120, 0, 0),
(4472, 21121, 0, 0),
(4473, 21122, 0, 0),
(4474, 21123, 0, 0),
(4475, 21124, 10, 27),
(4476, 21125, 0, 0),
(4477, 21126, 0, 0),
(4478, 21127, 0, 0),
(4479, 21128, 0, 0),
(4480, 21129, 17, 46),
(4481, 21130, 0, 0),
(4482, 21131, 0, 0),
(4483, 21132, 0, 0),
(4484, 21133, 0, 0),
(4485, 21134, 24, 83),
(4486, 21135, 0, 0),
(4487, 21136, 0, 0),
(4488, 21137, 31, 40),
(4489, 21138, 25, 45),
(4490, 21139, 11, 11),
(4491, 21140, 0, 0),
(4492, 21141, 0, 0),
(4493, 21142, 0, 0),
(4494, 21143, 0, 0),
(4495, 21144, 75, 877),
(4496, 21145, 103, 4149),
(4497, 21146, 31, 125),
(4498, 21147, 0, 0),
(4499, 21148, 24, 113),
(4500, 21149, 0, 0),
(4501, 21150, 0, 0),
(4502, 21151, 0, 0),
(4503, 21152, 0, 0),
(4504, 21153, 0, 0),
(4505, 21154, 0, 0),
(4506, 21155, 16, 72),
(4507, 21156, 61, 417),
(4508, 21157, 7, 5),
(4509, 21158, 9, 15),
(4510, 21159, 30, 54),
(4511, 21160, 31, 62),
(4512, 21161, 27, 37),
(4513, 21162, 0, 0),
(4514, 21163, 48, 424),
(4515, 21164, 0, 0),
(4516, 21165, 75, 2233),
(4517, 21166, 0, 0),
(4518, 21167, 0, 0),
(4519, 21168, 22, 175),
(4520, 21169, 29, 55),
(4521, 21170, 0, 0),
(4522, 21171, 0, 0),
(4523, 21172, 0, 0),
(4524, 21173, 0, 0),
(4525, 21174, 0, 0),
(4526, 21175, 0, 0),
(4527, 21176, 51, 176),
(4528, 21177, 0, 0),
(4529, 21178, 0, 0),
(4530, 21179, 0, 0),
(4531, 21180, 0, 0),
(4532, 21181, 0, 0),
(4533, 21182, 74, 1586),
(4534, 21183, 0, 0),
(4535, 21184, 47, 111),
(4536, 21185, 0, 0),
(4537, 21186, 0, 0),
(4538, 21187, 0, 0),
(4539, 21188, 0, 0),
(4540, 21189, 0, 0),
(4541, 21190, 17, 7),
(4542, 21191, 0, 0),
(4543, 21192, 0, 0),
(4544, 21193, 0, 0),
(4545, 21194, 0, 0),
(4546, 21195, 0, 0),
(4547, 21196, 0, 0),
(4548, 21197, 0, 0),
(4549, 21198, 0, 0),
(4550, 21199, 9, 64),
(4551, 21200, 12, 68),
(4552, 21201, 0, 0),
(4553, 21202, 0, 0),
(4554, 21203, 0, 0),
(4555, 21238, 0, 0),
(4556, 21239, 0, 0),
(4557, 21240, 0, 0),
(4558, 21241, 29, 203),
(4559, 21242, 16, 22),
(4560, 21243, 7, 11),
(4561, 21244, 0, 0),
(4562, 21245, 0, 0),
(4563, 21246, 9999, 9999),
(4564, 21247, 12, 110),
(4565, 21248, 0, 0),
(4566, 21249, 0, 0),
(4567, 21250, 9, 6),
(4568, 21251, 0, 0),
(4569, 21252, 7, 7),
(4570, 21253, 0, 0),
(4571, 21254, 0, 0),
(4572, 21255, 0, 0),
(4573, 21256, 6, 6),
(4574, 21257, 0, 0),
(4575, 21258, 1, 0),
(4576, 21259, 0, 0),
(4577, 21260, 9999, 9999),
(4578, 21261, 0, 0),
(4579, 21262, 0, 0),
(4580, 21263, 0, 0),
(4581, 21264, 17, 28),
(4582, 21265, 0, 0),
(4583, 21266, 102, 634),
(4584, 21267, 0, 0),
(4585, 21268, 0, 0),
(4586, 21269, 0, 0),
(4587, 21270, 9999, 9999),
(4588, 21271, 0, 0),
(4589, 21272, 0, 0),
(4590, 21273, 0, 0),
(4591, 21274, 0, 0),
(4592, 21275, 0, 0),
(4593, 21276, 0, 0),
(4594, 21277, 0, 0),
(4595, 21278, 0, 0),
(4596, 21279, 0, 0),
(4597, 21280, 0, 0),
(4598, 21281, 0, 0),
(4599, 21282, 0, 0),
(4600, 21283, 0, 0),
(4601, 21284, 0, 0),
(4602, 21285, 0, 0),
(4603, 21286, 0, 0),
(4604, 21287, 0, 0),
(4605, 21288, 0, 0),
(4606, 21289, 0, 0),
(4607, 21290, 0, 0),
(4608, 21291, 0, 0),
(4609, 21292, 0, 0),
(4610, 21293, 0, 0),
(4611, 21294, 0, 0),
(4612, 21295, 0, 0),
(4613, 21296, 12, 0),
(4614, 21297, 0, 0),
(4615, 21298, 0, 0),
(4616, 21299, 0, 0),
(4617, 21300, 0, 0),
(4618, 21301, 0, 0),
(4619, 21302, 0, 0),
(4620, 21303, 0, 0),
(4621, 21304, 0, 0),
(4622, 21305, 17, 39),
(4623, 21306, 0, 0),
(4624, 21307, 0, 0),
(4625, 21308, 0, 0),
(4626, 21309, 0, 0),
(4627, 21310, 0, 0),
(4628, 21311, 0, 0),
(4629, 21312, 0, 0),
(4630, 21313, 0, 0),
(4631, 21314, 0, 0),
(4632, 21315, 0, 0),
(4633, 21316, 0, 0),
(4634, 21317, 0, 0),
(4635, 21318, 0, 0),
(4636, 21319, 0, 0),
(4637, 21320, 0, 0),
(4638, 21321, 0, 0),
(4639, 21322, 0, 0),
(4640, 21323, 0, 0),
(4641, 21324, 0, 0),
(4642, 21325, 0, 0),
(4643, 21326, 0, 0),
(4644, 21327, 0, 0),
(4645, 21328, 0, 0),
(4646, 21329, 0, 0),
(4647, 21330, 0, 0),
(4648, 21331, 0, 0),
(4649, 21332, 0, 0),
(4650, 21333, 0, 0),
(4651, 21334, 0, 0),
(4652, 21335, 0, 0),
(4653, 21336, 0, 0),
(4654, 21337, 0, 0),
(4655, 21338, 0, 0),
(4656, 21339, 0, 0),
(4657, 21340, 0, 0),
(4658, 21341, 0, 0),
(4659, 21342, 0, 0),
(4660, 21343, 0, 0),
(4661, 21344, 0, 0),
(4662, 21345, 0, 0),
(4663, 21346, 0, 0),
(4664, 21347, 0, 0),
(4665, 21348, 0, 0),
(4666, 21349, 0, 0),
(4667, 21350, 0, 0),
(4668, 21351, 0, 0),
(4669, 21352, 0, 0),
(4670, 21353, 0, 0),
(4671, 21354, 0, 0),
(4672, 21355, 0, 0),
(4673, 21356, 0, 0),
(4674, 21357, 0, 0),
(4675, 21358, 0, 0),
(4676, 21359, 0, 0),
(4677, 21360, 0, 0),
(4678, 21361, 0, 0),
(4679, 21362, 0, 0),
(4680, 21363, 0, 0),
(4681, 21364, 0, 0),
(4682, 21365, 0, 0),
(4683, 21366, 0, 0),
(4684, 21367, 0, 0),
(4685, 21368, 14, 6),
(4686, 21369, 0, 0),
(4687, 21370, 0, 0),
(4688, 21371, 0, 0),
(4689, 21372, 0, 0),
(4690, 21373, 0, 0),
(4691, 21374, 9999, 9999),
(4692, 21375, 149, 3482),
(4693, 21376, 69, 118),
(4694, 21377, 19, 127),
(4695, 21378, 46, 257),
(4696, 21379, 0, 0),
(4697, 21380, 0, 0),
(4698, 21381, 9, 16),
(4699, 21382, 96, 243),
(4700, 21383, 0, 0),
(4701, 21384, 13, 22),
(4702, 21385, 20, 9),
(4703, 21386, 22, 62),
(4704, 21387, 30, 107),
(4705, 21388, 9999, 9999),
(4706, 21389, 14, 8),
(4707, 21390, 19, 22),
(4708, 21391, 0, 0),
(4709, 21392, 13, 0),
(4710, 21393, 13, 47),
(4711, 21394, 20, 16),
(4712, 21395, 0, 0),
(4713, 21396, 24, 35),
(4714, 21397, 12, 44),
(4715, 21398, 0, 0),
(4716, 21399, 12, 19),
(4717, 21425, 0, 0),
(4718, 21426, 14, 9),
(4719, 21427, 0, 0),
(4720, 21428, 0, 0),
(4721, 21429, 0, 0),
(4722, 21430, 0, 0),
(4723, 21431, 17, 6),
(4724, 21432, 75, 6),
(4725, 21433, 0, 0),
(4726, 21434, 26, 107),
(4727, 21435, 0, 0),
(4728, 21436, 0, 0),
(4729, 21437, 0, 0),
(4730, 21438, 0, 0),
(4731, 21439, 17, 39),
(4732, 21440, 0, 0),
(4733, 21441, 0, 0),
(4734, 21442, 4, 0),
(4735, 21443, 0, 0),
(4736, 21444, 0, 0),
(4737, 21445, 0, 0),
(4738, 21446, 0, 0),
(4739, 21447, 5, 1),
(4740, 21448, 0, 0),
(4741, 21449, 4, 0),
(4742, 21450, 0, 0),
(4743, 21451, 0, 0),
(4744, 21452, 13, 28),
(4745, 21453, 0, 0),
(4746, 21454, 9, 1),
(4747, 21455, 0, 0),
(4748, 21456, 0, 0),
(4749, 21457, 12, 10),
(4750, 21458, 21, 26),
(4751, 21459, 4, 22),
(4752, 21460, 0, 0),
(4753, 21461, 0, 0),
(4754, 21462, 1, 0),
(4755, 21463, 0, 0),
(4756, 21464, 14, 24),
(4757, 21465, 0, 0),
(4758, 21466, 0, 0),
(4759, 21467, 0, 0),
(4760, 21468, 0, 0),
(4761, 21469, 0, 0),
(4762, 21470, 0, 0),
(4763, 21471, 0, 0),
(4764, 21472, 0, 0),
(4765, 21473, 0, 0),
(4766, 21474, 0, 0),
(4767, 21475, 0, 0),
(4768, 21476, 0, 0),
(4769, 21477, 0, 0),
(4770, 21478, 19, 21),
(4771, 21479, 0, 0),
(4772, 21480, 0, 0),
(4773, 21481, 0, 0),
(4774, 21482, 0, 0),
(4775, 21483, 0, 0),
(4776, 21484, 0, 0),
(4777, 21485, 0, 0),
(4778, 21486, 0, 0),
(4779, 21487, 0, 0),
(4780, 21488, 0, 0),
(4781, 21489, 0, 0),
(4782, 21490, 7, 0),
(4783, 21491, 0, 0),
(4784, 21492, 0, 0),
(4785, 21493, 3, 0),
(4786, 21494, 0, 0),
(4787, 21495, 0, 0),
(4788, 21496, 0, 0),
(4789, 21497, 0, 0),
(4790, 21498, 0, 0),
(4791, 21499, 0, 0),
(4792, 21500, 8, 5),
(4793, 21501, 0, 0),
(4794, 21502, 0, 0),
(4795, 21503, 0, 0),
(4796, 21504, 0, 0),
(4797, 21505, 0, 0),
(4798, 21506, 0, 0),
(4799, 21507, 0, 0),
(4800, 21508, 0, 0),
(4801, 21509, 0, 0),
(4802, 21510, 0, 0),
(4803, 21511, 0, 0),
(4804, 21512, 0, 0),
(4805, 21513, 69, 21),
(4806, 21514, 0, 0),
(4807, 21515, 23, 110),
(4808, 21516, 0, 0),
(4809, 21517, 0, 0),
(4810, 21518, 0, 0),
(4811, 21519, 0, 0),
(4812, 21520, 0, 0),
(4813, 21521, 0, 0),
(4814, 21522, 0, 0),
(4815, 21523, 0, 0),
(4816, 21524, 0, 0),
(4817, 21525, 0, 0),
(4818, 21526, 0, 0),
(4819, 21527, 26, 73),
(4820, 21528, 24, 73),
(4821, 21529, 14, 19),
(4822, 21530, 12, 22),
(4823, 21531, 0, 0),
(4824, 21532, 0, 0),
(4825, 21533, 29, 54),
(4826, 21534, 0, 0),
(4827, 21535, 0, 0),
(4828, 21536, 0, 0),
(4829, 21537, 0, 0),
(4830, 21538, 4, 1),
(4831, 21539, 0, 0),
(4832, 21540, 0, 0),
(4833, 21541, 0, 0),
(4834, 21542, 0, 0),
(4835, 21543, 0, 0),
(4836, 21544, 0, 0),
(4837, 21545, 0, 0),
(4838, 21546, 0, 0),
(4839, 21547, 0, 0),
(4840, 21548, 0, 0),
(4841, 21549, 0, 0),
(4842, 21550, 14, 6),
(4843, 21551, 0, 0),
(4844, 19854, 0, 0),
(4845, 19855, 0, 0),
(4846, 19856, 0, 0),
(4847, 19857, 0, 0),
(4848, 19858, 0, 0),
(4849, 19859, 0, 0),
(4850, 19860, 0, 0),
(4851, 19861, 0, 0),
(4852, 19862, 0, 0),
(4853, 19863, 6, 10),
(4854, 19864, 49, 235),
(4855, 19865, 0, 0),
(4856, 19866, 50, 172),
(4857, 19867, 0, 0),
(4858, 19868, 89, 841),
(4859, 19869, 3, 1),
(4860, 19870, 0, 0),
(4861, 19871, 0, 0),
(4862, 19872, 0, 0),
(4863, 19873, 0, 0),
(4864, 19874, 2, 3),
(4865, 19875, 0, 0),
(4866, 19876, 0, 0),
(4867, 19877, 0, 0),
(4868, 19878, 0, 0),
(4869, 19879, 0, 0),
(4870, 19880, 0, 0),
(4871, 19881, 0, 0),
(4872, 19882, 13, 23),
(4873, 19883, 0, 0),
(4874, 19884, 0, 0),
(4875, 19885, 0, 0),
(4876, 19886, 0, 0),
(4877, 19887, 0, 0),
(4878, 19888, 0, 0),
(4879, 19889, 0, 0),
(4880, 19890, 0, 0),
(4881, 19891, 13, 22),
(4882, 19892, 0, 0),
(4883, 19893, 51, 162),
(4884, 20012, 0, 0),
(4885, 20013, 0, 0),
(4886, 20014, 19, 79),
(4887, 20015, 0, 0),
(4888, 20016, 0, 0),
(4889, 20017, 5, 0),
(4890, 20018, 0, 0),
(4891, 20019, 0, 0),
(4892, 20020, 0, 0),
(4893, 20021, 0, 0),
(4894, 20022, 0, 0),
(4895, 20023, 0, 0),
(4896, 20024, 0, 0),
(4897, 20025, 0, 0),
(4898, 20026, 0, 0),
(4899, 20027, 0, 0),
(4900, 20028, 0, 0),
(4901, 20029, 0, 0),
(4902, 20030, 0, 0),
(4903, 20031, 0, 0),
(4904, 20032, 0, 0),
(4905, 20033, 5, 0),
(4906, 20034, 0, 0),
(4907, 20035, 0, 0),
(4908, 20036, 0, 0),
(4909, 20037, 0, 0),
(4910, 20059, 1, 4),
(4911, 20357, 15, 0),
(4912, 20475, 0, 0),
(4913, 20476, 0, 0),
(4914, 20477, 0, 0),
(4915, 20478, 0, 0),
(4916, 20479, 0, 0),
(4917, 20480, 0, 0),
(4918, 20481, 0, 0),
(4919, 20482, 0, 0),
(4920, 20483, 0, 0),
(4921, 20484, 0, 0),
(4922, 20485, 0, 0),
(4923, 20486, 0, 0),
(4924, 20487, 0, 0),
(4925, 20488, 4, 30),
(4926, 20489, 10, 0),
(4927, 20490, 0, 0),
(4928, 20491, 0, 0),
(4929, 20492, 0, 0),
(4930, 20493, 0, 0),
(4931, 20494, 0, 0),
(4932, 20495, 0, 0),
(4933, 20496, 0, 0),
(4934, 20497, 69, 21),
(4935, 20498, 0, 0),
(4936, 20499, 0, 0),
(4937, 20500, 0, 0),
(4938, 20501, 0, 0),
(4939, 20502, 0, 0),
(4940, 20503, 0, 0),
(4941, 20504, 0, 0),
(4942, 20505, 0, 0),
(4943, 20506, 8, 1),
(4944, 20507, 0, 0),
(4945, 20508, 0, 0),
(4946, 20509, 0, 0),
(4947, 20510, 0, 0),
(4948, 20511, 0, 0),
(4949, 20512, 0, 0),
(4950, 20513, 0, 0),
(4951, 20514, 0, 0),
(4952, 20515, 10, 5),
(4953, 20631, 15, 44),
(4954, 20632, 0, 0),
(4955, 20633, 0, 0),
(4956, 20634, 0, 0),
(4957, 20635, 0, 0),
(4958, 20636, 0, 0),
(4959, 20637, 0, 0),
(4960, 20638, 1, 0),
(4961, 20639, 0, 0),
(4962, 20640, 17, 39),
(4963, 20641, 9999, 9999),
(4964, 20642, 0, 0),
(4965, 20643, 0, 0),
(4966, 20644, 0, 0),
(4967, 20645, 0, 0),
(4968, 20646, 0, 0),
(4969, 20647, 0, 0),
(4970, 20648, 0, 0),
(4971, 20649, 0, 0),
(4972, 20650, 0, 0),
(4973, 20651, 0, 0),
(4974, 20652, 0, 0),
(4975, 20653, 9999, 9999),
(4976, 20782, 0, 0),
(4977, 20783, 0, 0),
(4978, 20784, 69, 180),
(4979, 20785, 0, 0),
(4980, 20786, 0, 0),
(4981, 20787, 0, 0),
(4982, 20788, 2, 3),
(4983, 20789, 21, 1),
(4984, 20790, 0, 0),
(4985, 20791, 0, 0),
(4986, 20792, 0, 0),
(4987, 20793, 0, 0),
(4988, 20794, 1, 2),
(4989, 20795, 0, 0),
(4990, 20796, 0, 0),
(4991, 20797, 0, 0),
(4992, 20798, 0, 0),
(4993, 20799, 6, 0),
(4994, 20800, 0, 0),
(4995, 20801, 0, 0),
(4996, 20802, 0, 0),
(4997, 20803, 0, 0),
(4998, 20804, 0, 0),
(4999, 20805, 0, 0),
(5000, 20806, 0, 0),
(5001, 20807, 0, 0),
(5002, 20808, 0, 0),
(5003, 20809, 0, 0),
(5004, 20810, 0, 0),
(5005, 20811, 0, 0),
(5006, 20812, 0, 0),
(5007, 20813, 0, 0),
(5008, 20814, 0, 0),
(5009, 20815, 0, 0),
(5010, 20816, 0, 0),
(5011, 20817, 0, 0),
(5012, 20818, 0, 0),
(5013, 20819, 0, 0),
(5014, 20820, 0, 0),
(5015, 20821, 9999, 9999),
(5016, 20822, 0, 0),
(5017, 20823, 0, 0),
(5018, 20824, 0, 0),
(5019, 20933, 8, 12),
(5020, 20934, 0, 0),
(5021, 20935, 0, 0),
(5022, 20936, 0, 0),
(5023, 20937, 0, 0),
(5024, 20938, 7, 0),
(5025, 20939, 69, 21),
(5026, 20940, 0, 0),
(5027, 20941, 0, 0),
(5028, 20942, 8, 12),
(5029, 20943, 4, 0),
(5030, 20944, 0, 0),
(5031, 20945, 0, 0),
(5032, 20946, 0, 0),
(5033, 20947, 7, 0),
(5034, 20948, 0, 0),
(5035, 20949, 0, 0),
(5036, 20950, 0, 0),
(5037, 20951, 7, 0),
(5038, 20952, 0, 0),
(5039, 20953, 7, 11),
(5040, 20954, 0, 0),
(5041, 20955, 0, 0),
(5042, 21056, 6, 18),
(5043, 21057, 21, 39),
(5044, 21058, 0, 0),
(5045, 21059, 0, 0),
(5046, 21060, 0, 0),
(5047, 21061, 6, 14),
(5048, 21062, 63, 22),
(5049, 21063, 27, 7),
(5050, 21064, 29, 54),
(5051, 21065, 27, 399),
(5052, 21066, 0, 0),
(5053, 21067, 84, 119),
(5054, 21068, 25, 6),
(5055, 21069, 0, 0),
(5056, 21070, 25, 38),
(5057, 21071, 38, 58),
(5058, 21072, 9999, 9999),
(5059, 21073, 24, 4),
(5060, 21074, 24, 0),
(5061, 21075, 12, 22),
(5062, 21076, 13, 22),
(5063, 21077, 0, 0),
(5064, 21078, 48, 80),
(5065, 21079, 3, 0),
(5066, 21080, 0, 0),
(5067, 21081, 11, 109),
(5068, 21204, 0, 0),
(5069, 21205, 0, 0),
(5070, 21206, 0, 0),
(5071, 21207, 0, 0),
(5072, 21208, 0, 0),
(5073, 21209, 0, 0),
(5074, 21210, 0, 0),
(5075, 21211, 0, 0),
(5076, 21212, 0, 0),
(5077, 21213, 0, 0),
(5078, 21214, 0, 0),
(5079, 21215, 0, 0),
(5080, 21216, 0, 0),
(5081, 21217, 0, 0),
(5082, 21218, 0, 0),
(5083, 21219, 0, 0),
(5084, 21220, 0, 0),
(5085, 21221, 0, 0),
(5086, 21222, 0, 0),
(5087, 21417, 0, 0),
(5088, 21418, 0, 0),
(5089, 21419, 0, 0),
(5090, 21420, 1, 0),
(5091, 21421, 0, 0),
(5092, 21422, 12, 3),
(5093, 21423, 4, 11),
(5094, 21424, 12, 6),
(5095, 20654, 0, 0),
(5096, 20655, 0, 0),
(5097, 20656, 2, 0),
(5098, 20657, 0, 0),
(5099, 20658, 0, 0),
(5100, 20659, 0, 0),
(5101, 20660, 0, 0),
(5102, 20661, 0, 0),
(5103, 20662, 50, 539),
(5104, 20663, 0, 0),
(5105, 20664, 0, 0),
(5106, 20665, 40, 26),
(5107, 20666, 86, 270),
(5108, 20667, 0, 0),
(5109, 20668, 38, 203),
(5110, 20669, 0, 0),
(5111, 20670, 0, 0),
(5112, 20671, 53, 171),
(5113, 20672, 59, 750),
(5114, 20673, 0, 0),
(5115, 20674, 10, 108),
(5116, 20675, 55, 190),
(5117, 20676, 53, 185),
(5118, 20677, 6, 26),
(5119, 20678, 0, 0),
(5120, 20779, 0, 0),
(5121, 20780, 0, 0),
(5122, 20781, 0, 0),
(5123, 21223, 6, 9),
(5124, 21224, 0, 0),
(5125, 21225, 0, 0),
(5126, 21226, 20, 76),
(5127, 21227, 0, 0),
(5128, 21228, 0, 0),
(5129, 21229, 13, 22),
(5130, 21230, 0, 0),
(5131, 21231, 22, 80),
(5132, 21232, 0, 0),
(5133, 21233, 35, 168),
(5134, 21234, 2, 4),
(5135, 21235, 8, 57),
(5136, 21236, 0, 0),
(5137, 21237, 0, 0),
(5138, 21400, 0, 0),
(5139, 21401, 6, 28),
(5140, 21402, 0, 0),
(5141, 21403, 7, 0),
(5142, 21404, 12, 24),
(5143, 21405, 20, 57),
(5144, 21406, 0, 0),
(5145, 21407, 0, 0),
(5146, 21408, 0, 0),
(5147, 21409, 0, 0),
(5148, 21410, 0, 0),
(5149, 21411, 0, 0),
(5150, 21412, 13, 7),
(5151, 21413, 0, 0),
(5152, 21414, 0, 0),
(5153, 21415, 22, 5),
(5154, 21416, 5, 7);

-- --------------------------------------------------------

--
-- Table structure for table `professors`
--

CREATE TABLE `professors` (
  `Professor_ID` int(11) NOT NULL,
  `Uni_ID` varchar(64) COLLATE utf8mb4_unicode_ci NOT NULL,
  `Professor_Name` varchar(64) COLLATE utf8mb4_unicode_ci NOT NULL
) ENGINE=InnoDB DEFAULT CHARSET=utf8mb4 COLLATE=utf8mb4_unicode_ci;

--
-- Dumping data for table `professors`
--

INSERT INTO `professors` (`Professor_ID`, `Uni_ID`, `Professor_Name`) VALUES
(19296, 'FIS', 'Fahrush Rexhepi'),
(19297, 'FIS', 'Sulejman Osmani'),
(19298, 'FIS', 'Xhabir Hamiti'),
(19299, 'FIS', 'Zija Abdullahu'),
(19300, 'FIS', 'Shefqet Krasniqi'),
(19301, 'FIS', 'Lulzim Esati'),
(19302, 'FIS', 'Musa Vila'),
(19303, 'FIS', 'Besa Ismaili-Ahmedi'),
(19304, 'FIS', 'Safet Hoxha'),
(19305, 'FIS', 'Faton Bytyqi'),
(19306, 'FIS', 'Naim Trnava'),
(19307, 'FIS', 'Ilmije Kuqi'),
(19308, 'FIS', 'Vaxhide Bunjaku'),
(19309, 'FIS', 'Isa Memishi'),
(19310, 'FIS', 'Fadil Hasani'),
(19311, 'FIS', 'Besim Mehmeti'),
(19312, 'FIS', 'Ajni Sinani'),
(19313, 'FIS', 'Sadik Mehmeti'),
(19314, 'FIS', 'Rexhep Suma'),
(19315, 'FIS', 'Agim Zogaj'),
(19316, 'FIS', 'Hysen Matoshi'),
(19317, 'FIS', 'Nexhmije Kastrati'),
(19318, 'FIS', 'Selim Selimi'),
(19319, 'FIS', 'Mustaf Gara'),
(19320, 'FIS', 'Nazmi Maliqi'),
(19321, 'FIS', 'Ramiz Zekaj'),
(19322, 'FIS', 'Muhamed Jusufi'),
(19323, 'K_AUK', 'Kamal Shahrabi'),
(19324, 'K_AUK', 'Alex Butler'),
(19325, 'K_AUK', 'Rozeta Hajdari'),
(19326, 'K_AUK', 'Fadil Sahiti'),
(19327, 'K_AUK', 'Besnik Bislimi'),
(19328, 'K_AUK', 'Venera Demukaj'),
(19329, 'K_AUK', 'Hajdar Korbi'),
(19330, 'K_AUK', 'Mrika Kotorri'),
(19331, 'K_AUK', 'Mark A. Baskin'),
(19332, 'K_AUK', 'Chad Briggs'),
(19333, 'K_AUK', 'Tracy Briggs'),
(19334, 'K_AUK', 'Robert Muharremi'),
(19335, 'K_AUK', 'Mentor Nimani'),
(19336, 'K_AUK', 'Shqipe Mjekiqi'),
(19337, 'K_AUK', 'Daniel Cosentino'),
(19338, 'K_AUK', 'Driart Elshani'),
(19339, 'K_AUK', 'Mihone Kerolli Mustafa'),
(19340, 'K_AUK', 'Xhevahir Kolgjini'),
(19341, 'K_AUK', 'Ermir Rogova'),
(19342, 'K_AUK', 'Rrezarta Xhaferi'),
(19343, 'K_AUK', 'Sara Nicole Baxley'),
(19344, 'K_AUK', 'Julie Kolgjini'),
(19345, 'K_AUK', 'Artan Limani'),
(19346, 'K_AUK', 'Lorraina Pinnell'),
(19347, 'K_AUK', 'Linda Ziberi'),
(19348, 'K_AUK', 'Albina Balidemaj'),
(19349, 'K_AUK', 'Nita Luci'),
(19350, 'K_AUK', 'Edona Maloku'),
(19351, 'K_AUK', 'Edmond Muhaxheri'),
(19352, 'K_AUK', 'Mimoza Mustafa'),
(19353, 'K_AUK', 'Mimoza Polloshka'),
(19354, 'K_B', 'Reshat Kadriu'),
(19355, 'K_B', 'Musa Limani'),
(19356, 'K_B', 'Fejzullah Krasniqi'),
(19357, 'K_B', 'Faton Berisha'),
(19358, 'K_B', 'Shyqeri Kabashi'),
(19359, 'K_B', 'Kudusi Lama'),
(19360, 'K_B', 'Hamid Nuredini'),
(19361, 'K_B', 'Xhevat Berisha'),
(19362, 'K_B', 'Ardiana Prizreni'),
(19363, 'K_B', 'Rrustem Buzhala'),
(19364, 'K_B', 'Emin Kabashi'),
(19365, 'K_B', 'Juliana Latifi'),
(19366, 'K_B', 'Kadri Bicaj'),
(19367, 'K_B', 'Kujtim Rai'),
(19368, 'K_B', 'Nexhmije Kabashi'),
(19369, 'K_B', 'Artan Nimani'),
(19370, 'K_B', 'Mujo Daciq'),
(19371, 'K_B', 'Husnia Bubulica'),
(19372, 'K_B', 'Kemajl Ramadani'),
(19373, 'K_B', 'Gani Asllani'),
(19374, 'K_B', 'Haxhi Gashi'),
(19375, 'K_B', 'Armand Krasniqi'),
(19376, 'K_B', 'Hashim Kpuska'),
(19377, 'K_B', 'Mazllum Kumnova'),
(19378, 'K_B', 'Sali Bytyqi'),
(19379, 'K_B', 'Habib Basholli'),
(19380, 'K_B', 'Sitki Dafota'),
(19381, 'K_B', 'Hava Bujupi - Ismajli'),
(19382, 'K_B', 'Nikoll Krlevski'),
(19383, 'K_B', 'Ilir Aliaj'),
(19384, 'K_B', 'Ali Alijaj'),
(19385, 'K_B', 'Izet Shehu'),
(19386, 'K_B', 'Syl Sylani'),
(19387, 'K_B', 'Blerim Halili'),
(19388, 'K_B', 'Nehat Maxhuni'),
(19389, 'K_B', 'Halit Shabani'),
(19390, 'K_B', 'Muhamet Qerimi'),
(19391, 'K_B', 'Sejdefa Gjafqe'),
(19392, 'K_B', 'Emrus Azizovi'),
(19393, 'K_B', 'Sefer Megjedoviq'),
(19394, 'K_B', 'Shefik Bajmak'),
(19395, 'K_B', 'Jahja Lataj'),
(19396, 'K_B', 'Vehbi Imeri'),
(19397, 'K_B', 'Ragip Gjoshi'),
(19398, 'K_B', 'Nimete Berisha'),
(19399, 'K_B', 'Fatbardha Jashari'),
(19400, 'K_B', 'Agim Berisha'),
(19401, 'K_B', 'Adem Musliu'),
(19402, 'K_B', 'Feti Limani'),
(19403, 'K_B', 'Urim Vejseli'),
(19404, 'K_B', 'Muj Ukaj'),
(19405, 'K_B', 'Skender Gojani'),
(19406, 'K_B', 'Afrim Osmani'),
(19407, 'K_B', 'Baki Koleci'),
(19408, 'K_B', 'Fehmi B. Krasniqi'),
(19409, 'K_B', 'Hasan Mujaj'),
(19410, 'K_B', 'Islam Krasniqi'),
(19411, 'K_B', 'Kol Krasniqi'),
(19412, 'K_B', 'Qebir Avziu'),
(19413, 'K_B', 'Aliismet oaj'),
(19414, 'K_B', 'Dije Dehari'),
(19415, 'K_B', 'Elvin Meka'),
(19416, 'K_B', 'Etem Iseni'),
(19417, 'K_B', 'Indrit Baholli'),
(19418, 'K_B', 'Majlinda Belegu'),
(19419, 'K_B', 'Muhamet Racaj'),
(19420, 'K_B', 'Imerlije Alili'),
(19421, 'K_B', 'Shefqet Dehari'),
(19422, 'K_B', 'Shefqet Zekolli'),
(19423, 'K_B', 'Suzana Aliu'),
(19424, 'K_B', 'Vehbi Ramaj'),
(19425, 'K_B', 'Eldar Salji'),
(19426, 'K_B', 'Besim Kelmendi'),
(19427, 'K_B', 'Bekim Samadraxha'),
(19428, 'K_B', 'Lulzim Furizi'),
(19429, 'K_B', 'Florim Idrizi'),
(19430, 'K_B', 'Halim Bajraktari'),
(19432, 'K_B', 'Lejla Abazi Behxheti'),
(19433, 'K_B', 'Sinan Ademaj'),
(19434, 'K_B', 'Violeta Koleci'),
(19435, 'K_B', 'Zija Zimeri'),
(19436, 'K_B', 'Resmi Hoxha'),
(19437, 'K_B', 'Mehmed Meta'),
(19438, 'K_B', 'Jah Sahiti'),
(19439, 'K_B', 'Ruzhdi Kabashi'),
(19440, 'K_B', 'Besim Kusari'),
(19441, 'K_B', 'Erjona Rama'),
(19442, 'K_B', 'Nevruz Zogu'),
(19443, 'K_B', 'Petrit Nimani'),
(19444, 'K_B', 'Shpetim Rezniqi'),
(19445, 'K_B', 'Valbona Zeqiri'),
(19446, 'K_B', 'Rrahman Sefedini'),
(19447, 'K_B', 'Shefket Ismajli'),
(19448, 'K_B', 'Myfterem Gashi'),
(19449, 'K_B', 'Denis Spahija'),
(19450, 'K_B', 'Emin Emini'),
(19451, 'K_B', 'Sherif Sejdiu'),
(19452, 'K_B', 'Latif Hoxha'),
(19453, 'K_B', 'Afrdita Dervishi'),
(19454, 'K_B', 'Elmi Kelmendi'),
(19455, 'K_B', 'Skender Zenelaj'),
(19456, 'K_B', 'Petrit Hasanaj'),
(19457, 'K_B', 'Latif Krasniqi'),
(19458, 'K_B', 'Burim Morina'),
(19459, 'K_B', 'Halim Kuliqi'),
(19460, 'K_B', 'Kujtim Qafleshi'),
(19461, 'K_B', 'Alush Beqiri'),
(19462, 'K_B', 'Drenusha Krasniqi'),
(19463, 'K_B', 'Vehbi Pllana'),
(19464, 'K_B', 'Sami Selmani'),
(19465, 'K_B', 'Blerim Burjani'),
(19466, 'K_B', 'Jetmira Rragani'),
(19467, 'K_B', 'Besim Halili'),
(19468, 'K_B', 'Tahir Demiri'),
(19469, 'K_B', 'Zahir Arifovic'),
(19470, 'K_B', 'Bardhyl Syla'),
(19471, 'K_B', 'Agnesa anta'),
(19472, 'K_B', 'Krist Gjokaj'),
(19473, 'K_B', 'Ramadan Thai'),
(19474, 'K_B', 'Muhamet Lama'),
(19475, 'K_B', 'Ylber Krasniqi'),
(19476, 'K_B', 'Nexhdet Morina'),
(19477, 'K_B', 'Hajriz Sejdiu'),
(19478, 'K_B', 'Betim Gjoshi'),
(19479, 'K_B', 'Murat Hulaj'),
(19480, 'K_B', 'Tomor Buza'),
(19481, 'K_B', 'Arbiana Govori'),
(19482, 'K_B', 'Shqipe Husaj'),
(19483, 'K_B', 'Korab Shehu'),
(19484, 'K_B', 'Ferit Idrizi'),
(19485, 'K_B', 'Fahredin Dervishi'),
(19486, 'K_B', 'Ridvan Kajtazi'),
(19487, 'K_B', 'Eliza Avdiu'),
(19488, 'K_B', 'Naim Hyseni'),
(19489, 'K_B', 'Selman Hyseni'),
(19490, 'K_B', 'Sadete Fazliji'),
(19491, 'K_B', 'Nexhmedin Sejdiu'),
(19492, 'K_B', 'Naim Meholli'),
(19493, 'K_B', 'Mulaim Kaka'),
(19494, 'K_B', 'Marjan Gjoka'),
(19495, 'K_B', 'Ismail Aliu'),
(19496, 'K_B', 'Ilirjana Mertinaj'),
(19497, 'K_B', 'Hysen Gashi'),
(19498, 'K_B', 'Fahredin Berisha'),
(19499, 'K_B', 'Burim Gashi'),
(19500, 'K_B', 'Besart Hajrizi'),
(19501, 'K_B', 'Bedri Pllana'),
(19502, 'K_B', 'Bahtir Maxhuni'),
(19503, 'K_B', 'Avni Islami'),
(19504, 'K_B', 'Behar Selimi'),
(19505, 'K_B', 'Arber Beka'),
(19506, 'K_B', 'Valbone Kastrati'),
(19507, 'K_B', 'Shaip Budari'),
(19508, 'K_B', 'Naime Morina'),
(19509, 'K_B', 'Milazim Plakaj'),
(19510, 'K_B', 'Miftar Nitaj'),
(19511, 'K_B', 'Miftar Mehana'),
(19512, 'K_B', 'Hjarullah Birdaini'),
(19513, 'K_B', 'Fetnete Ramosaj'),
(19514, 'K_B', 'Emin Beqiri'),
(19515, 'K_B', 'Dafina Ibrahimi'),
(19516, 'K_B', 'Burim Gjaka'),
(19517, 'K_B', 'Blerim Shasivari'),
(19519, 'K_B', 'Bekim Latifi'),
(19520, 'K_B', 'Bahri Rrustemi'),
(19521, 'K_B', 'Arian Gashi'),
(19522, 'K_B', 'Arbnora Kameri '),
(19523, 'K_D', 'Nijazi Halili'),
(19524, 'K_D', 'Egzon Gashi'),
(19525, 'K_D', 'Majlinda Bregasi'),
(19526, 'K_D', 'Fatlum Mjeku'),
(19527, 'K_D', 'Hafize Miftari'),
(19528, 'K_D', 'Dem Hoti'),
(19529, 'K_D', 'Brikend Aziri'),
(19530, 'K_D', 'Adem Zogjani'),
(19531, 'K_D', 'Jeton Mazllami'),
(19532, 'K_D', 'Halim Gjergjizi'),
(19533, 'K_D', 'Yll Sejdiu'),
(19534, 'K_D', 'Arta Grubi'),
(19535, 'K_D', 'Arlinda Arnliu'),
(19536, 'K_D', 'Murat Sadiku'),
(19537, 'K_D', 'Luljeta Sadiku'),
(19538, 'K_D', 'Sevdie Alshiqi'),
(19539, 'K_D', 'Avdullah Hoti'),
(19540, 'K_D', 'Ajet-Ahmeti'),
(19541, 'K_D', 'Sabahudin Komoni'),
(19542, 'K_D', 'Izet Zeqiri'),
(19544, 'K_D', 'Burbuqe-Hydaverdi'),
(19545, 'K_D', 'Ferit Fazliu'),
(19546, 'K_D', 'Valon Germizaj'),
(19547, 'K_D', 'Yllza Pista'),
(19548, 'K_D', 'Florim Ajdini'),
(19549, 'K_D', 'Hyreme Gurra'),
(19550, 'K_D', 'Fatmire Abazaj'),
(19551, 'K_D', 'Albulena Blakaj Gashi'),
(19552, 'K_D', 'Valentina Sopjani'),
(19553, 'K_D', 'Agim Poshka'),
(19554, 'K_D', 'Jashar Kabashi'),
(19555, 'K_D', 'Shykrane Grmizaj'),
(19557, 'K_D', 'Blerton Sinani'),
(19558, 'K_D', 'Bajram Gecaj'),
(19559, 'K_D', 'Mentor Agani'),
(19560, 'K_D', 'Bejtush Gashi'),
(19561, 'K_D', 'Ejup Sahiti'),
(19562, 'K_D', 'Enver Hasani'),
(19563, 'K_D', 'Gjyldane Mulla'),
(19564, 'K_D', 'Haki Demolli'),
(19565, 'K_D', 'Jordan Daci'),
(19568, 'K_D', 'Emrush Thai'),
(19569, 'K_D', 'Lulzime Kadriu Lutfiu'),
(19571, 'K_D', 'Bilall Lutfiu'),
(19572, 'K_D', 'Hasan Jashari'),
(19573, 'K_D', 'Islam Krasniqi'),
(19574, 'K_D', 'Besnik Spahiu'),
(19575, 'K_D', 'Adelina Ahmeti'),
(19578, 'K_D', 'Ferit Hysa'),
(19579, 'K_D', 'Dritan Cekaj'),
(19582, 'K_D', 'Florentina Dushi'),
(19583, 'K_D', 'Mimoza Shahini'),
(19584, 'K_D', 'Vjollca Berisha'),
(19593, 'K_D', 'Nexhmedin Bardhi'),
(19596, 'K_D', 'Riza Smaka'),
(19599, 'K_D', 'Njomza Mehani'),
(19608, 'K_F', 'Abaz Lleshi'),
(19609, 'K_F', 'Abdulla Aliu'),
(19610, 'K_F', 'Adrian ollaku'),
(19611, 'K_F', 'Alberina Foniqi-Bojaj'),
(19612, 'K_F', 'Albulena Ejupi'),
(19613, 'K_F', 'Ali Xhelili'),
(19614, 'K_F', 'Ali Kutllovci'),
(19615, 'K_F', 'Alush Gashi'),
(19616, 'K_F', 'Arafat Shabani'),
(19617, 'K_F', 'Arberore Bicaj'),
(19618, 'K_F', 'Armend Vucitrna'),
(19619, 'K_F', 'Arta Ramadani Desku'),
(19620, 'K_F', 'Artan Kryeziu'),
(19621, 'K_F', 'Avdi Smajljaj'),
(19622, 'K_F', 'Azem Hajdari'),
(19623, 'K_F', 'Bajram Beci'),
(19624, 'K_F', 'Bajram Ukaj'),
(19625, 'K_F', 'Bajram Nuraj'),
(19626, 'K_F', 'Bedri Ademi'),
(19627, 'K_F', 'Bedri Drini'),
(19628, 'K_F', 'Bedri Statovci'),
(19629, 'K_F', 'Behxhet Brajshori'),
(19630, 'K_F', 'Bekim Marmullaku'),
(19631, 'K_F', 'Berat Spahiu'),
(19632, 'K_F', 'Besart Gashi'),
(19633, 'K_F', 'Besim Kryeziu'),
(19634, 'K_F', 'Blerina Vehbiu'),
(19635, 'K_F', 'Blerta Rugova'),
(19636, 'K_F', 'Bujar Hysenaj'),
(19637, 'K_F', 'Buniamin Memedi'),
(19638, 'K_F', 'Burim Prenaj'),
(19639, 'K_F', 'Dashnim Bajrami'),
(19640, 'K_F', 'Demir Lima'),
(19641, 'K_F', 'Diola Dosti Baftiu'),
(19642, 'K_F', 'Driton Balaj'),
(19643, 'K_F', 'Durim Hoxha'),
(19644, 'K_F', 'Edita Haxhijaha'),
(19645, 'K_F', 'Emrush Thai'),
(19646, 'K_F', 'Eqrem Zenelaj'),
(19647, 'K_F', 'Fadil Kryeziu'),
(19648, 'K_F', 'Fahredin Berisha'),
(19649, 'K_F', 'Faruk Ahmeti'),
(19650, 'K_F', 'Fatime Zeneli'),
(19651, 'K_F', 'Fatmir Halili'),
(19652, 'K_F', 'Faton Kutllovci'),
(19653, 'K_F', 'Florian Petani'),
(19654, 'K_F', 'Florim Salihu'),
(19655, 'K_F', 'Frasher Demaj'),
(19656, 'K_F', 'Gani Shabani'),
(19657, 'K_F', 'Hajrullah Latifi'),
(19658, 'K_F', 'Halil Kukaj'),
(19659, 'K_F', 'Haxhi Ferati'),
(19660, 'K_F', 'Hazr Susuri'),
(19661, 'K_F', 'Hysni Bajrami'),
(19662, 'K_F', 'Ilir Ahmetxhekaj'),
(19663, 'K_F', 'Ilir Azizi'),
(19664, 'K_F', 'Isak Hoxha'),
(19665, 'K_F', 'Islam Zeqiri'),
(19666, 'K_F', 'Ismet Bujupaj'),
(19667, 'K_F', 'Jehona Cami'),
(19668, 'K_F', 'Jetullah Aliu'),
(19669, 'K_F', 'Kadri Metaj'),
(19670, 'K_F', 'Kaltrina Skoro'),
(19671, 'K_F', 'Kemajl Shaqiri'),
(19672, 'K_F', 'Kol Krasniqi'),
(19673, 'K_F', 'Korab Shaqiri'),
(19674, 'K_F', 'Kushtrim Gashi'),
(19675, 'K_F', 'Latif Hoxha'),
(19676, 'K_F', 'Lirika Brdynaj-Syla'),
(19677, 'K_F', 'Lon Laska'),
(19678, 'K_F', 'Luigj Dedaj'),
(19679, 'K_F', 'Lumnie Thaci-Halili'),
(19680, 'K_F', 'Lumnije Thai'),
(19681, 'K_F', 'Mazllum Baraliu'),
(19682, 'K_F', 'Mic Ukaj'),
(19683, 'K_F', 'Muhamet Mavraj'),
(19684, 'K_F', 'Muhamet Kadrija'),
(19685, 'K_F', 'Muharrem Peci'),
(19686, 'K_F', 'Mursel Ibrahimi'),
(19687, 'K_F', 'Mustafa Pllana'),
(19688, 'K_F', 'Mustaf Musa'),
(19689, 'K_F', 'Naim Fetahu'),
(19690, 'K_F', 'Naim Uka'),
(19691, 'K_F', 'Naime Beqiraj'),
(19692, 'K_F', 'Nazim Gagica'),
(19693, 'K_F', 'Nehat Rrudhani'),
(19694, 'K_F', 'Nevzat Shemsedini'),
(19695, 'K_F', 'Nita Pula Kastrati'),
(19696, 'K_F', 'Njomza Bajraktari'),
(19697, 'K_F', 'Orhan Kerkezi'),
(19698, 'K_F', 'Pranvera Jetishi Collaku'),
(19699, 'K_F', 'Qazim Tmava'),
(19700, 'K_F', 'Qufli Osmani'),
(19701, 'K_F', 'Raif Bytyi'),
(19702, 'K_F', 'Ram Likaj'),
(19703, 'K_F', 'Remzi Smajli'),
(19704, 'K_F', 'Rexhep Murati'),
(19705, 'K_F', 'Rrustem Asllanaj'),
(19706, 'K_F', 'Rufi Osmani'),
(19707, 'K_F', 'Sadik Bekteshi'),
(19708, 'K_F', 'Safet Krasniqi'),
(19709, 'K_F', 'Sedat Krasniqi'),
(19710, 'K_F', 'Shaip Kabashi'),
(19711, 'K_F', 'Shefket Jakupi'),
(19712, 'K_F', 'Shemsi Igrishta'),
(19713, 'K_F', 'Sheqir Kutllovci'),
(19714, 'K_F', 'Shpresa Zaplluzha'),
(19715, 'K_F', 'Shqiptar Demai'),
(19716, 'K_F', 'Simeana Beshi'),
(19717, 'K_F', 'Sknder Shabani'),
(19718, 'K_F', 'Sknder Telaku'),
(19719, 'K_F', 'Sylejman Klinaku'),
(19720, 'K_F', 'Sylen Vranica'),
(19721, 'K_F', 'Tringa Azizi'),
(19722, 'K_F', 'Valdet Hashani'),
(19723, 'K_F', 'Valon Zeqiraj'),
(19724, 'K_F', 'Venet Shala'),
(19725, 'K_F', 'Xheladin Zymberaj'),
(19726, 'K_F', 'Xhelal Shehu'),
(19727, 'K_F', 'Xhemajl Ademaj'),
(19728, 'K_F', 'Xhenita Podrimaku Hoxha'),
(19729, 'K_F', 'Xhevdet Abazi'),
(19730, 'K_F', 'Zafer Gashi'),
(19731, 'K_F', 'Zejdush Tahiri'),
(19732, 'K_F', 'Zeqirja Idrizi'),
(19733, 'K_F', 'Zyhdi Haziri'),
(19734, 'K_MIG', 'ARJAN QEFALIA'),
(19735, 'K_MIG', 'ENTON DURO'),
(19736, 'K_MIG', 'Drini Salko'),
(19737, 'K_MIG', 'Bardhyl Ceku'),
(19738, 'K_MIG', 'Besnik Krasniqi'),
(19739, 'K_MIG', 'Justina Pula'),
(19740, 'K_MIG', 'Semiha Loca'),
(19741, 'K_MIG', 'Petrit Pollozhani'),
(19742, 'K_MIG', 'Vasilika Kume'),
(19743, 'K_MIG', 'Flutura Kalemi'),
(19744, 'K_MIG', 'Ahmet Ceni'),
(19745, 'K_MIG', 'Sherif Bundo'),
(19746, 'K_MIG', 'Qendresa Latifi - Haliti'),
(19747, 'K_MIG', 'Esat Durguti'),
(19748, 'K_MIG', 'Nazmi Mustafa'),
(19749, 'K_MIG', 'Etem Iseni'),
(19750, 'K_MIG', 'Aida Bahtijari'),
(19751, 'K_MIG', 'Alban Elshani'),
(19752, 'K_MIG', 'Shyqri Kelmendi'),
(19753, 'K_MIG', 'Sahit Surdulli'),
(19754, 'K_MIG', 'Qazim Tmava'),
(19755, 'K_MIG', 'Fitim Haliti'),
(19756, 'K_MIG', 'Bedri Bahtiri'),
(19757, 'K_MIG', 'Azem Rexhaj'),
(19758, 'K_MIG', 'Ardian Jashari'),
(19759, 'K_MIG', 'Erza Arifi'),
(19760, 'K_MIG', 'Shqipdona Hashani- Siqani'),
(19761, 'K_MIG', 'Muhamet Spahiu'),
(19762, 'K_MIG', 'Ilire Ahmeti'),
(19763, 'K_MIG', 'Arta Hoti'),
(19764, 'K_MIG', 'Kushtrim Zebica'),
(19765, 'K_MIG', 'Arianita Beqa - RRACI'),
(19766, 'K_MIG', 'Mustaf Murturi'),
(19767, 'K_MIG', 'Milaim Berisha'),
(19768, 'K_MIG', 'Donika ALIU - ZHUJA'),
(19769, 'K_MIG', 'Skender Bublaku'),
(19770, 'K_MIG', 'Ymer Shatri'),
(19771, 'K_MIG', 'Faruk Hajrizi'),
(19772, 'K_MIG', 'Kastriot Pehlivani'),
(19773, 'K_MIG', 'Donika Dabishevci'),
(19774, 'K_MIG', 'Enver Krasniqi'),
(19775, 'K_IBCM', 'Rinor Qehaja'),
(19776, 'K_IBCM', 'Dukagjin Abdyli'),
(19777, 'K_IBCM', 'Niall Ardill'),
(19778, 'K_IBCM', 'Aleksandar Djikic'),
(19779, 'K_IBCM', 'Jelena Djokic'),
(19780, 'K_IBCM', 'Ekrem Gjokaj'),
(19781, 'K_IBCM', 'Mihone Kerolli- Mustafa'),
(19782, 'K_IBCM', 'Medina Braha'),
(19783, 'K_IBCM', 'Violeta Nikolova'),
(19784, 'K_IBCM', 'Jelena Stanojevic'),
(19785, 'K_IBCM', 'Gabrijela Velickovic'),
(19786, 'K_ISPE', 'Karl Heinz Lather'),
(19787, 'K_ISPE', 'Afet Mamuti'),
(19788, 'K_ISPE', 'Asllan Hamiti'),
(19789, 'K_ISPE', 'Bajram Ibraj'),
(19790, 'K_ISPE', 'Gjon Culaj'),
(19791, 'K_ISPE', 'Rozana Rushiti'),
(19792, 'K_ISPE', 'Xhavit Shala'),
(19793, 'K_PB', 'Hashim Rexhepi '),
(19794, 'K_PB', 'Hysen Sogojeva'),
(19795, 'K_PB', 'Naser Raimi'),
(19796, 'K_PB', 'Erzen Gjonbalaj'),
(19797, 'K_PB', 'Seadin Xhaferi'),
(19798, 'K_PB', 'Jahir Gashi'),
(19799, 'K_PB', 'Selbije Memeti Karemani'),
(19800, 'K_PB', 'Naser Gjinovci'),
(19801, 'K_PB', 'Lule Beqa'),
(19802, 'K_PB', 'Imer Mushkolaj'),
(19803, 'K_PB', 'Mahije Mustafi '),
(19804, 'K_PB', 'Naim Huruglica'),
(19805, 'K_PB', 'Orhan eku'),
(19806, 'K_PB', 'Nuhi Bllaca'),
(19807, 'K_PB', 'Pece Nikolovski'),
(19808, 'K_PB', 'Jeton Vokshi'),
(19809, 'K_PB', 'Elez Osmanoviq'),
(19810, 'K_PB', 'Mirlinde Bilalli'),
(19811, 'K_PB', 'Muhamed itaku'),
(19812, 'K_PB', 'Arta Haxhaj'),
(19813, 'K_PB', 'Konstantin omu'),
(19814, 'K_PB', 'Adem Hasani'),
(19815, 'K_PB', 'Ismail Mehmeti'),
(19816, 'K_R', 'Alban Hashani'),
(19817, 'K_R', 'Alban Zogaj'),
(19818, 'K_R', 'Art Shala'),
(19819, 'K_R', 'Artane Rizvanolli'),
(19820, 'K_R', 'Bardha Qirezi'),
(19821, 'K_R', 'Fehmi Azemi'),
(19822, 'K_R', 'Fisnik Reica'),
(19823, 'K_R', 'Lumir Abdixhiku'),
(19824, 'K_R', 'Muhamet Mustafa'),
(19825, 'K_R', 'Sokol Havolli'),
(19826, 'K_R', 'Argjenta Plakolli'),
(19827, 'K_R', 'Diana Lekaj'),
(19828, 'K_R', 'Diellza Gashi'),
(19829, 'K_R', 'Enisa Serhati'),
(19830, 'K_R', 'Hajdin Berisha'),
(19831, 'K_R', 'Hazir Gashi'),
(19832, 'K_R', 'Njomza Mustafa'),
(19833, 'K_R', 'Saxhide Mustafa'),
(19834, 'K_R', 'Visar Vokrri'),
(19835, 'K_R', 'Dita Dobranja'),
(19836, 'K_R', 'Endrit Pllashniku'),
(19837, 'K_R', 'Fatos Hoxha'),
(19838, 'K_R', 'Fisnik Bajrami'),
(19839, 'K_R', 'Gent Beqiri'),
(19840, 'K_R', 'Ilire Mehmeti'),
(19841, 'K_R', 'Ali Sahin'),
(19842, 'K_R', 'Arben Damoni'),
(19843, 'K_R', 'Driart Elshani'),
(19844, 'K_R', 'Naim Hoxha'),
(19845, 'K_R', 'Arbr Kukaj'),
(19846, 'K_R', 'Malsore Gashi'),
(19847, 'K_R', 'Mensur Osmani'),
(19848, 'K_R', 'Bujar Pira'),
(19849, 'K_R', 'Valentin Toi'),
(19850, 'K_R', 'Valon Murtezaj'),
(19851, 'K_R', 'Vyrtyt Hasani'),
(19852, 'K_R', 'Dardan Sejdiu'),
(19853, 'K_R', 'Gresa Latifi'),
(19854, 'K_R', 'Roland Spahiu'),
(19855, 'K_R', 'Seb Rodiqi'),
(19856, 'K_R', 'Dhimitri Bibolli'),
(19857, 'K_R', 'Elver Bajrami'),
(19858, 'K_R', 'Gjon Gjonlleshaj'),
(19859, 'K_R', 'Besian Mustafa'),
(19860, 'K_R', 'Burim Brahimi'),
(19861, 'K_R', 'Uragan Alija'),
(19862, 'K_R', 'Imet Fejza'),
(19863, 'K_R', 'Ramadan Dervishi'),
(19864, 'K_R', 'Driton Statovci'),
(19865, 'K_R', 'Idriz Smajli'),
(19866, 'K_R', 'Lule Ahmedi'),
(19867, 'K_R', 'Shkelzen Cakaj'),
(19868, 'K_R', 'Yll Haxhimusa'),
(19869, 'K_R', 'Arben Ahmeti'),
(19870, 'K_R', 'Astrit Desku'),
(19872, 'K_R', 'Ehat Qerimi'),
(19873, 'K_R', 'Jeton Pllana'),
(19874, 'K_R', 'Rrezarta Krasniqi'),
(19875, 'K_R', 'Amir Rashica'),
(19876, 'K_R', 'Naim Sulejmani'),
(19877, 'K_R', 'Shyqyri Rama'),
(19878, 'K_ESLG', 'Islam Hasani'),
(19879, 'K_ESLG', 'Sabiha Shala'),
(19880, 'K_ESLG', 'Xhelal Kepuska'),
(19881, 'K_ESLG', 'Dimitrij Rupel'),
(19882, 'K_ESLG', 'Visar Hoxha'),
(19883, 'K_ESLG', 'Peter Jambrek'),
(19884, 'K_ESLG', 'Luan Daija'),
(19885, 'K_ESLG', 'Svein Bjorberg'),
(19886, 'K_ESLG', 'Christian Seidel'),
(19887, 'K_ESLG', 'Njomeza Zejnullahu'),
(19888, 'K_ESLG', 'Sabri Sadiku'),
(19889, 'K_ESLG', 'Ilir Morina'),
(19890, 'K_ESLG', 'Labinot Grajcevci'),
(19891, 'K_ESLG', 'Bedri Dragusha'),
(19892, 'K_ESLG', 'Tore Haugen'),
(19893, 'K_ESLG', 'Alenka Temeljotov Salaj'),
(19894, 'K_ESLG', 'Gjylbehare Murati'),
(19895, 'K_ESLG', 'Ferim Gashi'),
(19896, 'K_ESLG', 'Byron Matarangas'),
(19897, 'K_ESLG', 'Sirri Duger'),
(19898, 'K_ESLG', 'Kemal Yildirim'),
(19899, 'K_ESLG', 'Arzu Tuncer'),
(19900, 'K_ESLG', 'Florent Latifaj'),
(19901, 'K_ESLG', 'Mimoza Dugolli'),
(19902, 'K_ESLG', 'Ali Sadiku'),
(19903, 'K_ESLG', 'Bashkim Misini'),
(19904, 'K_Universum', 'Petrit Nahi'),
(19905, 'K_Universum', 'Dervish Kamberaj'),
(19906, 'K_Universum', 'Bekim Podrimcaku'),
(19907, 'K_Universum', 'Festina Balidemaj'),
(19908, 'K_Universum', 'Fisnik Bytyqi'),
(19909, 'K_Universum', 'Visar Morina'),
(19910, 'K_Universum', 'Ejup Fejza'),
(19911, 'K_Universum', 'Bersant Hobdari'),
(19912, 'K_Universum', 'Evis Sinani'),
(19913, 'K_Universum', 'Agon Demjaha'),
(19914, 'K_Universum', 'Arbnor Pajaziti'),
(19915, 'K_Universum', 'Shaban Buza'),
(19916, 'K_Universum', 'Rudina Degjoni'),
(19917, 'K_Universum', 'Vjollca Hysi'),
(19918, 'K_Universum', 'Sedat Mahmudi'),
(19919, 'K_Universum', 'Ridvan Peshkopia'),
(19920, 'K_Universum', 'Ardian Kastrati'),
(19921, 'K_Universum', 'Ardian Uka'),
(19922, 'K_Universum', 'Agron LLeshi'),
(19923, 'K_Universum', 'Shqipe Abazi'),
(19924, 'K_Universum', 'Mergim Cahani'),
(19925, 'K_Universum', 'Ertan Mongollu'),
(19926, 'K_Universum', 'Fllanza Limani'),
(19927, 'K_Universum', 'Uran Rraci'),
(19928, 'K_Universum', 'Alejtin Berisha'),
(19929, 'K_Universum', 'Veli Lecaj'),
(19930, 'K_Universum', 'Arjan Shabani'),
(19931, 'K_Universum', 'Selman Berisha'),
(19932, 'K_Universum', 'Sami Salihu'),
(19933, 'K_Universum', 'Besa Berisha'),
(19934, 'K_Universum', 'Shkumbin Misini'),
(19935, 'K_Universum', 'Dardane Nuka'),
(19936, 'K_Universum', 'Muhamed Sadiku'),
(19937, 'K_Universum', 'Shqipe Sadiku'),
(19938, 'K_Universum', 'Dashmire Rexha'),
(19939, 'K_Universum', 'Teuta Behluli'),
(19940, 'K_Universum', 'Samir Skenderi'),
(19941, 'K_Universum', 'Afrim Shemsedini'),
(19942, 'K_Universum', 'Fitim Mulolli'),
(19943, 'K_Universum', 'Fitore Pacolli'),
(19944, 'K_Universum', 'Kujtim Bytyqi'),
(19945, 'K_Universum', 'Shpend Kursani'),
(19946, 'K_Universum', 'Adelina Basholli'),
(19947, 'K_Universum', 'Hysni Dvorani'),
(19948, 'K_Universum', 'Alma Lama'),
(19949, 'K_Universum', 'Admir Shala'),
(19950, 'K_Universum', 'Shkndije Nahi'),
(19951, 'K_Universum', 'Gentiana Berisha'),
(19952, 'KAPS', 'Bejtush Gashi'),
(19953, 'KAPS', 'Besnik Fetahu'),
(19954, 'KAPS', 'Vilard Bytyqi'),
(19955, 'KAPS', 'Anita Zenuni'),
(19956, 'KAPS', 'Florentina Braha Shala '),
(19957, 'KAPS', 'Nexhat Jashari '),
(19958, 'KAPS', 'Halil Asllani'),
(19959, 'QEAP', 'Kushtrim Veliu'),
(19960, 'QEAP', 'Arban Bllaca'),
(19961, 'QEAP', 'Margriet Jaspers'),
(19962, 'QEAP', 'Dianna Ullrich'),
(19963, 'QEAP', 'Jennifer Caldwell'),
(19964, 'QEAP', 'Petrit Beqiri'),
(19965, 'QEAP', 'Arta Dalipi'),
(19966, 'QEAP', 'Afrdita Mustafa'),
(19968, 'QEAP', 'Ekrem Maloku'),
(19969, 'QEAP', 'Albina bytyqi'),
(19970, 'QEAP', 'Vanesa SEFA'),
(19971, 'QEAP', 'Blert Hyseni'),
(19972, 'QEAP', 'Luljeta Musliu'),
(19973, 'QEAP', ' Besarta TAGANOVIQ'),
(19974, 'QEAP', 'Naime BRAJSHORI'),
(19975, 'QEAP', 'AJSHE BEQIROVSKA'),
(19976, 'QEAP', 'Hatixhe Zogaj'),
(19977, 'QEAP', 'Erduana Drmaku'),
(19978, 'QEAP', 'Enteela Kamberi'),
(19979, 'QEAP', 'Miran Xhelili'),
(19985, 'QEAP', 'Patrick Jahn'),
(19986, 'QEAP', 'Monika Rode'),
(19987, 'QEAP', 'Marcellus Bonato'),
(19988, 'QEAP', 'Majda Pajnkihar'),
(19989, 'QEAP', 'LAURA PAJAZITI'),
(19990, 'QEAP', 'Ilir Hoxha'),
(19991, 'QEAP', 'Gazmend Bojaj'),
(19992, 'QEAP', 'Shaqir Haliti'),
(19993, 'QEAP', 'Fetije Gjaku-Murturi'),
(19998, 'QEAP', 'Adem Spahiu'),
(19999, 'QEAP', 'Besnik Peci'),
(20000, 'QEAP', 'Florim Gallopeni'),
(20001, 'QEAP', 'Ibish Kadriu'),
(20002, 'QEAP', 'Gramos Begolli'),
(20003, 'QEAP', 'Linda Ukimeraj-Harris'),
(20004, 'QEAP', 'Yllka Begolli-Shehu'),
(20005, 'QEAP', 'Alma Vllasaliu'),
(20006, 'QEAP', 'Dua Danjolli-Hashani'),
(20007, 'QEAP', 'Besart Hyseni'),
(20008, 'QEAP', 'Blerta Haxha'),
(20009, 'QEAP', 'Shpetim Kastrati'),
(20010, 'QEAP', 'Avni Ahmeti'),
(20011, 'QEAP', 'Sheremet Thaci'),
(20012, 'U_GJ', 'Ilir Kelmendi'),
(20013, 'U_GJ', 'Skender Beqa'),
(20014, 'U_GJ', 'Lulzim Zeneli'),
(20015, 'U_GJ', 'Sindorela Doli Kryeziu'),
(20016, 'U_GJ', 'Mimoza Kurshumlia'),
(20017, 'U_GJ', 'Behxhet Gaxhiqi'),
(20018, 'U_GJ', 'Ilmi Hoxha'),
(20019, 'U_GJ', 'Nexhmije Kastrati'),
(20020, 'U_GJ', 'Venera Vala Kndusi'),
(20021, 'U_GJ', 'Laura Naka'),
(20022, 'U_GJ', 'Petrit Duraj'),
(20023, 'U_GJ', 'Zamira Gashi'),
(20024, 'U_GJ', 'Shyhrete Morina'),
(20025, 'U_GJ', 'Kamber Kamberi'),
(20026, 'U_GJ', 'Besim Muhadri'),
(20027, 'U_GJ', 'Fridrik Dulaj'),
(20028, 'U_GJ', 'Muharrem Gashi'),
(20029, 'U_GJ', 'Labinot Berisha'),
(20030, 'U_GJ', 'Shqipe Husaj'),
(20031, 'U_GJ', 'Seniha Krasniqi'),
(20032, 'U_GJ', 'Zeki Morina'),
(20033, 'U_GJ', 'Nazli Tyfeki'),
(20034, 'U_GJ', 'Gentiana Muhaxhiri'),
(20035, 'U_GJ', 'Elsa Vula'),
(20036, 'U_GJ', 'Pranvera Osmani'),
(20037, 'U_GJ', 'Yllka Imeri'),
(20038, 'U_GJ', 'Idriz Berisha'),
(20039, 'U_GJ', 'Haxhi Kamberi'),
(20040, 'U_GJ', 'Ramush Bejiqi'),
(20041, 'U_GJ', 'Dardan Koinaj'),
(20042, 'U_GJ', 'Selami Sylejmani'),
(20043, 'U_GJ', 'Ilirjana Raqa Bunjaku'),
(20044, 'U_GJ', 'Antigona Ukhaxhaj'),
(20045, 'U_GJ', 'Skender Ukaj'),
(20046, 'U_GJ', 'Arben Boshnjaku'),
(20047, 'U_GJ', 'Kushtrim Grezda'),
(20048, 'U_GJ', 'Bylbyl Kadrija'),
(20049, 'U_GJ', 'Hateme Nimani'),
(20050, 'U_GL', 'Januz Dervodeli'),
(20051, 'U_GL', 'Bashkim Dalipi'),
(20052, 'U_GL', 'Shpres Qamili'),
(20054, 'U_GL', 'Nevrije Ismaili'),
(20055, 'U_GL', 'Merxhan Avdyli'),
(20056, 'U_GL', 'Ahmet Ibrahimi'),
(20057, 'U_GL', 'Mensur Neziri'),
(20058, 'U_GL', 'Teuta Agaj'),
(20059, 'U_GL', 'Sadik Haxhiu'),
(20060, 'U_GL', 'Berat Aqifi'),
(20061, 'U_GL', 'Dukagjin Leka'),
(20062, 'U_GL', 'Fejzulla Hasani'),
(20063, 'U_GL', 'Fejzulla Berisha'),
(20064, 'U_GL', 'Urtak Hamiti'),
(20065, 'U_GL', 'Liridon Dalipi'),
(20066, 'U_GL', 'Detrina Alishani'),
(20067, 'U_GL', 'Fatmire Krasniqi'),
(20068, 'U_GL', 'Selim Daku'),
(20069, 'U_GL', 'Gzim Tosuni'),
(20070, 'U_GL', 'Xhevat Sopi'),
(20071, 'U_GL', 'Arben Mustafa'),
(20072, 'U_GL', 'Lutfi Zharku'),
(20073, 'U_GL', 'Naim Mustafa'),
(20074, 'U_GL', 'Musa Ajeti'),
(20075, 'U_GL', 'Refik Kryeziu'),
(20076, 'U_GL', 'Bislim Lekiqi'),
(20077, 'U_GL', 'Arben Sahiti'),
(20078, 'U_GL', 'Arbenita Kosumi'),
(20079, 'U_GL', 'Lulzim Rashiti'),
(20080, 'U_GL', 'Nexhat Shkodra'),
(20081, 'U_GL', 'Xhevdet Thaqi'),
(20082, 'U_GL', 'Ekrem Halimi'),
(20083, 'U_GL', 'Ragmi Mustafa'),
(20084, 'U_GL', 'Basri Ahmedi'),
(20085, 'U_GL', 'Artan Dermaku'),
(20086, 'U_GL', 'Lindita Nebiu Hyseni'),
(20087, 'U_GL', 'Nysret Demaku'),
(20088, 'U_GL', 'Aferdita Ibrahimi'),
(20090, 'U_M', 'Nagip Murati'),
(20091, 'U_M', 'Musa Rizaj'),
(20092, 'U_M', 'Islam Fejza'),
(20093, 'U_M', 'Sylejman Hyseni'),
(20094, 'U_M', 'Izet Zeqiri'),
(20095, 'U_M', 'Sabri Avdullahi'),
(20096, 'U_M', 'Zenun Elezaj'),
(20097, 'U_M', 'Rrahim Maksuti'),
(20098, 'U_M', 'Naser Peci'),
(20099, 'U_M', 'Gani Maliqi'),
(20100, 'U_M', 'Behxhet Shala'),
(20101, 'U_M', 'Bedri Durmishaj'),
(20102, 'U_M', 'Flurije Sheremeti'),
(20103, 'U_M', 'Afrim Koliqi'),
(20105, 'U_M', 'Irfan Voca'),
(20106, 'U_M', 'Mursel Rama'),
(20107, 'U_M', 'Rushit Haliti'),
(20108, 'U_M', 'Ali Sadiku'),
(20109, 'U_M', 'Muharrem Zabeli'),
(20110, 'U_M', 'Rafet Zeqiri'),
(20112, 'U_M', 'Nurten Deva'),
(20113, 'U_M', 'Nazmi Hasi'),
(20114, 'U_M', 'Izet Ibrahimi'),
(20115, 'U_M', 'Kemajl Zeqiri'),
(20116, 'U_M', 'Arbr Zeqiraj'),
(20117, 'U_M', 'Gzim Ibishi'),
(20118, 'U_M', 'Mimoza Kovai'),
(20119, 'U_M', 'Bastri Zeka'),
(20120, 'U_M', 'Sefedin Kastrati'),
(20121, 'U_M', 'Milajete Shala-Mehmeti'),
(20122, 'U_M', 'Ahmet Tmava'),
(20123, 'U_M', 'Ahmet Haxhijaj'),
(20124, 'U_M', 'Ismet Ibishi'),
(20125, 'U_M', 'Muhamedin Hetemi'),
(20126, 'U_M', 'Hamit Nuredini'),
(20127, 'U_M', 'Edita Bekteshi'),
(20128, 'U_M', 'Mursel Ibrahimi'),
(20129, 'U_M', 'Muhamet Hajrizi'),
(20130, 'U_M', 'Festim Kutllovci'),
(20131, 'U_M', 'Bajram Mustafa'),
(20132, 'U_M', 'Fllnza Beka'),
(20133, 'U_M', 'Burbuqe Prekadini'),
(20134, 'U_M', 'Qazim Hyseni'),
(20135, 'U_M', 'Berat Sinani'),
(20136, 'U_M', 'Frasher Brahimaj'),
(20137, 'U_M', 'Melihate Shala'),
(20138, 'U_M', 'Artan Alidemaj'),
(20139, 'U_M', 'Luljeta Pula-Beqiri'),
(20140, 'U_M', 'Blerim Baruti'),
(20141, 'U_M', 'Dilaver Salihu'),
(20142, 'U_M', 'Nushe Lajqi'),
(20143, 'U_M', 'Alush Musaj'),
(20144, 'U_M', 'Florent Dobroshi'),
(20145, 'U_M', 'Aziz Behrami'),
(20146, 'U_M', 'Milaim Sadiku'),
(20147, 'U_M', 'Ismet Mulliqi'),
(20148, 'U_M', 'Sadija Nikshiq'),
(20149, 'U_M', 'Valdet Gjinovci'),
(20150, 'U_M', 'Mensur Kelmendi'),
(20151, 'U_M', 'Mehush Aliu'),
(20152, 'U_M', 'Fatos Rexhepi'),
(20153, 'U_M', 'Besire Cena'),
(20154, 'U_M', 'Flora Ferati'),
(20155, 'U_M', 'Rifat Morina'),
(20156, 'U_M', 'Malsore Pllana'),
(20157, 'U_M', 'Mirsade Osmani'),
(20158, 'U_M', 'Bahtir Hyseni'),
(20159, 'U_M', 'Ilirjan Malollari'),
(20160, 'U_M', 'Isa Tahiri'),
(20161, 'U_M', 'Rozana Troja'),
(20162, 'U_M', 'Bizena Bijo'),
(20163, 'U_M', 'Mirela Lika'),
(20164, 'U_M', 'Qerim Selimi'),
(20165, 'U_M', 'Rozeta Hasalliu'),
(20166, 'U_M', 'Selver Hoda'),
(20169, 'U_M', 'Fatime Koka'),
(20170, 'U_M', 'Ylber Januzaj'),
(20171, 'U_M', 'Dafina Llugaxhiu'),
(20172, 'U_M', 'Arbr Hyseni'),
(20173, 'U_M', 'Anita Malaj'),
(20174, 'U_M', 'Faruk Hajrizi'),
(20175, 'U_M', 'Blerta Syla'),
(20176, 'U_M', 'Milaim Mehmeti'),
(20179, 'U_M', 'Hakif Zeqiri'),
(20180, 'U_M', 'Avdi Salihu'),
(20181, 'U_M', 'Ahmet Latifi'),
(20182, 'U_M', 'Qamil Kabashi'),
(20183, 'U_M', 'Milaim Zabeli'),
(20184, 'U_M', 'Sahit Surdulli'),
(20185, 'U_M', 'Faton Merovci'),
(20186, 'U_M', 'Muzafer Shala'),
(20187, 'U_M', 'Lumnije Thai'),
(20188, 'U_M', 'Besim Xhafa'),
(20190, 'U_M', 'Melihate Galica'),
(20192, 'U_M', 'Fitim Zeqiri'),
(20193, 'U_M', 'Blerina Voca'),
(20194, 'U_M', 'Fisnik Osmani'),
(20195, 'U_M', 'Safet Abdullahu'),
(20196, 'U_M', 'Arbri Krasniqi'),
(20197, 'U_M', 'Besmir Sejdiu'),
(20198, 'U_M', 'Avni Terziqi'),
(20199, 'U_M', 'Hysni Osmani'),
(20202, 'U_M', 'Etleva Blakaj'),
(20203, 'U_M', 'Shptim Salihu'),
(20204, 'U_M', 'Violet Bardhi'),
(20206, 'U_M', 'Agron Beka'),
(20207, 'U_M', 'Islam Qerimi'),
(20208, 'U_M', 'Halil Bajrami'),
(20209, 'U_M', 'Zahir erkini'),
(20210, 'U_M', 'Xhemjal Veliqi'),
(20211, 'U_M', 'Prparim Gruda'),
(20212, 'U_M', 'Doruntin Demiri'),
(20213, 'U_M', 'Mimoza Aliu'),
(20214, 'U_M', 'Kushtrim Palushi'),
(20215, 'U_M', 'Beqir Sadikaj'),
(20216, 'U_M', 'Enver Hasani'),
(20217, 'U_M', 'Rrustem Qehaja'),
(20218, 'U_M', 'Xhevdet Halili'),
(20219, 'U_M', 'Bashkim Preteni'),
(20220, 'U_M', 'Muhamet Brahimi'),
(20224, 'U_M', 'Qazim Tmava'),
(20225, 'U_M', 'Shefket Jakupi'),
(20226, 'U_M', 'Esat Durguti'),
(20227, 'U_M', 'Ajtene Avdullahi'),
(20228, 'U_M', 'Bashkim Bellaqa'),
(20229, 'U_M', 'Besart Hajrizi'),
(20231, 'U_M', 'Filloreta Demiri Kunoviku'),
(20233, 'U_M', 'Bes Sadikaj'),
(20234, 'U_M', 'Arif Krasniqi'),
(20237, 'U_M', 'Merita Shala'),
(20238, 'U_M', 'Mimoza Shahini'),
(20239, 'U_M', 'Eliza Avdiu'),
(20240, 'U_M', 'Violet Bardhi Zeqiri'),
(20241, 'U_M', 'Besim Gollopeni'),
(20242, 'U_M', 'Fatbardha Hoxha'),
(20243, 'U_M', 'Albulen Grajevci'),
(20244, 'U_M', 'Albana Sadiku'),
(20245, 'U_M', 'Leonora arkaj'),
(20246, 'U_M', 'Sabit Syla'),
(20248, 'U_M', 'Majlinda Gjelaj'),
(20249, 'U_M', 'Valbone Berisha'),
(20251, 'U_M', 'Arlinda Beka'),
(20253, 'U_M', 'Saranda Kika Bahtiri '),
(20254, 'U_M', 'Albulen Alidemaj '),
(20255, 'U_M', 'Armen Mustafa'),
(20256, 'U_M', 'Besir Shaqiri '),
(20257, 'U_M', 'Florina itaku'),
(20258, 'U_M', 'Vesel Islami'),
(20259, 'U_M', 'Lorik Ramaj'),
(20261, 'U_M', 'Ylli Hashani'),
(20262, 'U_M', 'Bashkim Azemi'),
(20264, 'U_P', 'Halit Shabani'),
(20265, 'U_P', 'Husnija Bibuljica'),
(20266, 'U_P', 'Florin Peci'),
(20267, 'U_P', 'Fisnik Morina'),
(20268, 'U_P', 'Ibrahim KRASNIQI'),
(20269, 'U_P', 'Vjosa Hajdari'),
(20270, 'U_P', 'Besfort Ahmeti'),
(20271, 'U_P', 'Donjeta Morina'),
(20272, 'U_P', 'Edona Draga'),
(20273, 'U_P', 'Valdrin Misiri'),
(20274, 'U_P', 'Albulena Avdili'),
(20275, 'U_P', 'Vlora Berisha'),
(20276, 'U_P', 'Vehbi Ramaj'),
(20277, 'U_P', 'Muhamet SADIKU'),
(20278, 'U_P', 'Ibish Mazreku'),
(20279, 'U_P', 'Edmond Beqiri'),
(20280, 'U_P', 'Alma Shehu'),
(20281, 'U_P', 'Venera Kelmendi'),
(20282, 'U_P', 'Elvis Elezaj'),
(20283, 'U_P', 'Bek Kuqi'),
(20284, 'U_P', 'Leonita Mazrekaj'),
(20285, 'U_P', 'Suada Ajdarpasic'),
(20286, 'U_P', 'Shklqesa Smajli'),
(20287, 'U_P', 'Theranda Beqiri'),
(20288, 'U_P', 'Vehbi Miftari'),
(20289, 'U_P', 'Bedri Statovci'),
(20290, 'U_P', 'Afrim Hoti'),
(20291, 'U_P', 'Fatos Ukaj'),
(20292, 'U_P', 'Fitim Deari'),
(20293, 'U_P', 'Sadri Aliu'),
(20294, 'U_P', 'Berim Ramosaj'),
(20295, 'U_P', 'Elez Osmani'),
(20296, 'U_P', 'Rrustem Asllani'),
(20298, 'U_P', 'Sadri Alija'),
(20299, 'U_P', 'Shqipe Husaj'),
(20300, 'U_P', 'Halil Kukaj'),
(20301, 'U_P', 'Blerand Kadrijaj'),
(20302, 'U_P', 'Armend Mehmetaj'),
(20303, 'U_P', 'Besa Jerliu'),
(20304, 'U_P', 'Ylber Januzaj'),
(20305, 'U_P', 'Sead Resic'),
(20306, 'U_P', 'Nedzad Korajlic'),
(20307, 'U_P', 'Nagip Skenderi'),
(20308, 'U_P', 'Halid Kurtovic'),
(20309, 'U_P', 'Suada Dzogovic'),
(20310, 'U_P', 'Fetah Reica'),
(20311, 'U_P', 'Emine Turkaj'),
(20312, 'U_P', 'Gjorgji Mancheski'),
(20313, 'U_P', 'Rifat Skrielji'),
(20314, 'U_P', 'Sabiha Shala'),
(20315, 'U_P', 'Muj Ukaj'),
(20316, 'U_P', 'Gani Asllani'),
(20317, 'U_P', 'Gjylbehare Murati'),
(20318, 'U_P', 'Avdullah Robaj'),
(20319, 'U_P', 'Gentiana Gega'),
(20320, 'U_P', 'Fatime Bamja'),
(20321, 'U_P', 'Kol Krasniqi'),
(20322, 'U_P', 'Haxhi Gashi'),
(20323, 'U_P', 'Beqir Sadikaj'),
(20324, 'U_P', 'Hajredin Kui'),
(20325, 'U_P', 'Abdullah Aliu'),
(20326, 'U_P', 'Bedri Bahtiri'),
(20327, 'U_P', 'Naim Haliti'),
(20328, 'U_P', 'Agim Kurmehaj'),
(20329, 'U_P', 'Petrit Hajdari'),
(20330, 'U_P', 'Qerkin Berisha'),
(20331, 'U_P', 'Halil Asllani'),
(20332, 'U_P', 'Dardan Laji'),
(20333, 'U_P', 'Agnesa Krasniqi'),
(20334, 'U_P', 'Jetmir Dreshaj'),
(20335, 'U_P', 'Petrit Nimani'),
(20336, 'U_P', 'Redona Gaxherri'),
(20337, 'U_P', 'Adem Dreshaj  '),
(20338, 'U_P', 'Afrim Selimaj '),
(20339, 'U_P', 'Bedri Millaku  '),
(20340, 'U_P', 'Baki Koleci'),
(20341, 'U_P', 'Mimoza Hyseni Spahiu'),
(20342, 'U_P', 'Enkeleda Lulaj'),
(20343, 'U_P', 'Behrije Ramaj'),
(20344, 'U_P', 'Thllza Latifi'),
(20345, 'U_P', 'Merita Dauti'),
(20346, 'U_P', 'Shqipe Lohaj'),
(20347, 'U_P', 'Artesa Osmanaj'),
(20348, 'U_P', 'Aliismet oaj'),
(20349, 'U_P', 'Zija Zimer'),
(20350, 'U_P', 'Rifat Skrijelj'),
(20351, 'U_P', 'Besim Berisha'),
(20353, 'U_P', 'Mirlind Bruqi'),
(20354, 'U_P', 'Valmir Tahiri'),
(20355, 'U_P', 'Sabri Sadiku'),
(20356, 'U_P', 'Dem Abazi'),
(20357, 'U_P', 'Ferim Gashi'),
(20358, 'U_P', 'Bedri Dragusha'),
(20359, 'U_P', 'Zenun Elezaj'),
(20360, 'U_P', 'Ahmet Musa'),
(20361, 'U_P', 'Burim Rexhaj'),
(20362, 'U_P', 'Bardha Gashi'),
(20363, 'U_P', 'Gjok Duhanaj'),
(20364, 'U_P', 'Fatos Lajqi'),
(20365, 'U_P', 'Jetmir Prekalla'),
(20366, 'U_P', 'Esad Berhami'),
(20367, 'U_P', 'Mybeshir Pajaziti'),
(20368, 'U_P', 'Bardh Musliu'),
(20369, 'U_P', 'Bardh Begolli'),
(20370, 'U_P', 'Albulena Gjurkaj'),
(20371, 'U_P', 'Vlora Gashi'),
(20372, 'U_P', 'Violeta Berlajolli'),
(20373, 'U_P', 'Fadil Millaku'),
(20374, 'U_P', 'Nexhdet Shala'),
(20375, 'U_P', 'Bakir Kelmendi'),
(20376, 'U_P', 'Ismajl Cacaj'),
(20377, 'U_P', 'Ilir Morina'),
(20378, 'U_P', 'Naser Bajraktari'),
(20379, 'U_P', 'Ibrahim Hoxha'),
(20380, 'U_P', 'Arsim Elshani'),
(20381, 'U_P', 'Defrime Berisha'),
(20382, 'U_P', 'Dukagjin Zeka'),
(20383, 'U_P', 'Mimoza Hyseni'),
(20384, 'U_P', 'Agim Rysha'),
(20385, 'U_P', 'Astrit Bilalli'),
(20386, 'U_P', 'Teuta Bajra Brahimaj'),
(20387, 'U_P', 'Valon Shala'),
(20388, 'U_P', 'Shyhrete Muriqi'),
(20389, 'U_P', 'Granit Kastrati'),
(20390, 'U_P', 'Mimoza Pajaziti Dranolli'),
(20391, 'U_P', 'Fatbardh Gashi'),
(20392, 'U_P', 'Dardane Nallbani'),
(20393, 'U_P', 'Hysen Nimani'),
(20394, 'U_P', 'Besa Berberi'),
(20395, 'U_P', 'Astrit Pallaska'),
(20396, 'U_P', 'Syzana Jakupi'),
(20397, 'U_P', 'Drinor Zymberi'),
(20398, 'U_P', 'Koorepetitor Besim Qorri'),
(20399, 'U_P', 'Arsim Kelmendi'),
(20400, 'U_P', 'Bajram Qupi'),
(20401, 'U_P', 'Meriton Ferizi'),
(20402, 'U_P', 'Dardan Gjinolli'),
(20403, 'U_P', 'Valton Beqiri'),
(20404, 'U_P', 'Dashamir Berxulli'),
(20405, 'U_P', 'Lule Elezi'),
(20406, 'U_P', 'Drita Begolli'),
(20407, 'U_P', 'Adelina Paloja'),
(20408, 'U_P', 'Trimor Dhomi'),
(20409, 'U_P', 'Agron Shala'),
(20410, 'U_P', 'Avni Krasniqi'),
(20411, 'U_P', 'Zymber Kelmendi'),
(20412, 'U_P', 'Albin Xharra'),
(20413, 'U_P', 'Bekim Sele'),
(20414, 'U_P', 'Menduh Nushi'),
(20415, 'U_P', 'Isa Qosja'),
(20416, 'U_Pz', 'Samedin Krrabaj'),
(20417, 'U_Pz', 'Naim Baftiu'),
(20418, 'U_Pz', 'Malush Mjaku'),
(20419, 'U_Pz', 'Ercan Canhasi'),
(20420, 'U_Pz', 'Zirije Hasani'),
(20421, 'U_Pz', 'Agon Koka'),
(20422, 'U_Pz', 'Betim Maloku'),
(20423, 'U_Pz', 'Selman Jagxhiu'),
(20424, 'U_Pz', 'Dhurata Hyseni'),
(20425, 'U_Pz', 'Ilir Murturi'),
(20426, 'U_Pz', 'Isuf Lushi'),
(20427, 'U_Pz', 'Albana Plakiqi-Milaimi'),
(20428, 'U_Pz', 'Ylli Kortoi'),
(20429, 'U_Pz', 'Ekrem Gjokaj'),
(20430, 'U_Pz', 'Nol Krasniqi'),
(20431, 'U_Pz', 'Lidiron Buqaj'),
(20432, 'U_Pz', 'FAHREDIN SHABANI'),
(20433, 'U_Pz', 'Ismet Temaj'),
(20434, 'U_Pz', 'Sabahajdin Cena'),
(20436, 'U_Pz', 'Vedat Bajrami'),
(20437, 'U_Pz', 'Ragip Gjoshi'),
(20438, 'U_Pz', 'Mnevver YILDIRIM'),
(20439, 'U_Pz', 'Bajram upi'),
(20440, 'U_Pz', 'Shemsi Morina'),
(20441, 'U_Pz', 'Elsev Brina'),
(20442, 'U_Pz', 'Albulena Alidema'),
(20443, 'U_Pz', 'ARTAN RESHANI'),
(20444, 'U_Pz', 'Ajka Aljilji'),
(20445, 'U_Pz', 'Soner YILDIRIM'),
(20446, 'U_Pz', 'Husniye KORO'),
(20447, 'U_Pz', 'Nuri BRINA'),
(20448, 'U_Pz', 'Serdan KERVAN'),
(20449, 'U_Pz', 'Ayla SAHIN'),
(20450, 'U_Pz', 'Esen SPAHI'),
(20451, 'U_Pz', 'Berna BABAYONUZ'),
(20452, 'U_Pz', 'Cengiz CESKO'),
(20453, 'U_Pz', 'Onat BAYMAK'),
(20454, 'U_Pz', 'Esad Kurejepi'),
(20455, 'U_Pz', 'Sadik Idrizi'),
(20456, 'U_Pz', 'Muljaim Kaka'),
(20457, 'U_Pz', 'Vedat Bajrami'),
(20458, 'U_Pz', 'Ahmed Bihorac'),
(20459, 'U_Pz', 'Hivzo Golo'),
(20460, 'U_Pz', 'Azra Verlaevi'),
(20461, 'U_Pz', 'pend Goranci'),
(20462, 'U_Pz', 'Amela Luka Zorani'),
(20463, 'U_Pz', 'Suada Dogovi'),
(20464, 'U_Pz', 'Esma Kasemi'),
(20465, 'U_Pz', 'Kujtim Pacaku'),
(20466, 'U_Pz', 'Mejdin Saliji'),
(20467, 'U_Pz', 'Kadri Kryeziu'),
(20468, 'U_Pz', 'Arif Riza'),
(20469, 'U_Pz', 'Enver Buqaj'),
(20470, 'U_Pz', 'Muharrem Faiku'),
(20471, 'U_Pz', 'Halim Bajraktari'),
(20472, 'U_Pz', 'Armend Podvorica'),
(20473, 'U_Pz', 'Shefki Shtrbani'),
(20474, 'U_Pz', 'Dardan Vuniqi'),
(20475, 'U_Pz', 'Abdylkader Muaj'),
(20476, 'U_Pz', 'Adelina Rakaj'),
(20477, 'U_Pz', 'Adem Shala'),
(20478, 'U_Pz', 'Altin Shegani'),
(20479, 'U_Pz', 'Arsim Thaqi'),
(20480, 'U_Pz', 'Artan Reshani'),
(20481, 'U_Pz', 'Azem Kolloni'),
(20482, 'U_Pz', 'Bajram Demollari'),
(20483, 'U_Pz', 'Berat Aqifi'),
(20484, 'U_Pz', 'Besim Gollapeni'),
(20485, 'U_Pz', 'Dardan Berisha'),
(20486, 'U_Pz', 'Egzona Samahodaj'),
(20487, 'U_Pz', 'Eqrem Zenelaj'),
(20488, 'U_Pz', 'Fadil Kryeziu'),
(20489, 'U_Pz', 'Fatos Haziri'),
(20490, 'U_Pz', 'Ibrahim Mala'),
(20491, 'U_Pz', 'Kastriote Vlana'),
(20492, 'U_Pz', 'Mentor Lecaj'),
(20493, 'U_Pz', 'Murtez Zekolli'),
(20494, 'U_Pz', 'Naim Spahiu'),
(20496, 'U_Pz', 'Nuri Bexheti'),
(20497, 'U_Pz', 'Sadete Pllana'),
(20498, 'U_Pz', 'Safet Hoxha'),
(20499, 'U_Pz', 'Simeana Beshi'),
(20500, 'U_Pz', 'Shanoela Zae-Berisha'),
(20501, 'U_Pz', 'Uran Zogaj'),
(20502, 'U_Pz', 'Halil Kukaj'),
(20504, 'U_Pz', 'Gani Gjini'),
(20505, 'U_Pz', 'Bexhet Brajshori'),
(20506, 'U_Pz', 'Bekim Berisha'),
(20507, 'U_Pz', 'Hysni Terziu'),
(20508, 'U_Pz', 'Hamdi Hoti'),
(20509, 'U_Pz', 'Shukri Maxhuni'),
(20510, 'U_Pz', 'Artan Nimani'),
(20511, 'U_Pz', 'Florije Govori'),
(20512, 'U_Pz', 'Nerimane Bajraktari'),
(20513, 'U_Pz', 'Drita Krasniqi'),
(20514, 'U_Pz', 'Festim Tafolli'),
(20515, 'U_Pz', 'Anera Alishani'),
(20516, 'U_Pz', 'Leonora Sopaj'),
(20517, 'U_Pz', 'Marigona Geci'),
(20518, 'U_Pz', 'Sinan ADEMAJ'),
(20519, 'U_Pz', 'Fevzi BERISHA'),
(20520, 'U_Pz', 'Muhamet SADIKU'),
(20521, 'U_Pz', 'Sejdi REXHEPI'),
(20522, 'U_Pz', 'Ibrahim KRASNIQI'),
(20523, 'U_Pz', 'Artan NIMANI'),
(20524, 'U_Pz', 'Adem ZOGJANI'),
(20525, 'U_Pz', 'Osman SERTOLI'),
(20526, 'U_Pz', 'Kadri KRASNIQI'),
(20527, 'U_Pz', 'Petrit HASANAJ'),
(20528, 'U_Pz', 'Veli LECAJ'),
(20529, 'U_Pz', 'Amantina PERVIZAJ'),
(20530, 'U_Pz', 'Myfail ZYLBEHARI'),
(20531, 'U_Pz', 'Shpetim ZYMBERAJ'),
(20532, 'U_Pz', 'Elvir SHTAVICA'),
(20533, 'U_Pz', 'Hysnije KORO'),
(20534, 'U_Pz', 'Bahtjar BERISHA'),
(20535, 'U_Pz', 'Mentor GASHI'),
(20536, 'U_Pz', 'Luan VARDARI'),
(20537, 'U_Pz', 'Behije IBRAHIMI'),
(20538, 'U_Pz', 'Rifat HOXHA'),
(20539, 'U_Pz', 'Agim PACA'),
(20540, 'U_Pz', 'Shemsi KRASNIQI'),
(20541, 'U_Pz', 'Sejdi REXHEPI'),
(20542, 'U_Pz', 'Naim BAFTIU'),
(20546, 'U_Pz', 'Afrina SKEJA'),
(20548, 'U_Pz', 'Shptim ZYMBERAJ'),
(20550, 'U_Pz', 'Petrit HASANAJ'),
(20551, 'U_Pz', 'Fevzi BERISHA'),
(20556, 'U_Pz', 'Adem ZOGJANI'),
(20557, 'U_Pz', 'Sinan ADEMAJ'),
(20558, 'U_Pz', 'Halim BAJRAKTARI'),
(20559, 'U_Pz', 'Ilir KAPAJ'),
(20560, 'U_Pz', 'Nuri BEXHETI'),
(20561, 'U_Pz', 'Bashkim LAJI'),
(20562, 'U_Pz', 'Muharrem FAIKU'),
(20563, 'U_Pz', 'Shafi GASHI'),
(20564, 'U_Pz', 'Kadri KRYEZIU'),
(20565, 'U_Pz', 'Hysen BYTYQI'),
(20566, 'U_Pz', 'Ibrahim GASHI'),
(20567, 'U_Pz', 'Shkelqim Millaku'),
(20568, 'U_Pz', 'Sermin Turtulla'),
(20569, 'U_Pz', 'Teuta Kafexholli'),
(20570, 'U_Pz', 'Kimete Canaj'),
(20571, 'U_Pz', 'Flamur Shala'),
(20572, 'U_Pz', 'Sejdi Sejdiu'),
(20573, 'U_Pz', 'Vjollca Dibra'),
(20574, 'U_Pz', 'Izer Maksuti'),
(20575, 'U_Pz', 'Xhafer Beqiraj'),
(20576, 'U_Pz', 'Muhamet Hamiti'),
(20577, 'U_Pz', 'Vjosa Hamiti'),
(20578, 'U_Pz', 'Ismet Bujupaj'),
(20579, 'U_Pz', 'Aida Alla'),
(20580, 'U_Pz', 'Brikena Kadzadej'),
(20581, 'U_Pz', 'Ertan Basha'),
(20582, 'U_Pz', 'Naser Mrasori'),
(20583, 'U_Pz', 'Vilson Marku'),
(20584, 'U_Pz', 'Shkurte Veliu Ajdini'),
(20585, 'U_Pz', 'Nazli Tyfekci'),
(20586, 'U_Pz', 'Sahar Jawadi'),
(20587, 'U_Pz', 'Ilir Krusha'),
(20588, 'U_Pz', 'Armend Bytyqi'),
(20589, 'U_Pz', 'Dardane Bojaxhi'),
(20590, 'U_Pz', 'Rrezarta Ramadani'),
(20591, 'U_Pz', 'Dorin Rakaj'),
(20592, 'U_Pz', 'Arta Hallaqi'),
(20593, 'U_Pz', 'Herolinda Bylykbashi'),
(20594, 'U_Pz', 'Adelajda Baftiu'),
(20595, 'U_Pz', 'Xhevdet Rusinovci'),
(20596, 'U_Pz', 'Elsa Vula'),
(20597, 'U_Pz', 'Saranda Buzhala'),
(20598, 'U_Pz', 'Labinot Krasniqi'),
(20599, 'U_Pz', 'Osman Buleshkaj'),
(20600, 'U_Pz', 'Artnesa Osmanaj'),
(20601, 'U_Pr', 'Agim Hyseni'),
(20602, 'U_Pr', 'Agim Zogaj '),
(20603, 'U_Pr', 'Berishaj'),
(20604, 'U_Pr', 'Bujar Dugolli'),
(20605, 'U_Pr', 'Gazmend Rizaj'),
(20606, 'U_Pr', 'Ibrahim Gashi'),
(20607, 'U_Pr', 'Kadri Metaj'),
(20608, 'U_Pr', 'Muhamet Mala'),
(20609, 'U_Pr', 'Sejdi Rexhepi'),
(20610, 'U_Pr', 'Afrim Hoti'),
(20611, 'U_Pr', 'Arben Hajrullahu'),
(20612, 'U_Pr', 'Aliriza Arnliu'),
(20613, 'U_Pr', 'Astrit Salihu'),
(20614, 'U_Pr', 'Bekim Baliqi'),
(20615, 'U_Pr', 'Fadil Maloku'),
(20616, 'U_Pr', 'Ibrahim Berisha'),
(20617, 'U_Pr', 'Lulzim Dragidella'),
(20618, 'U_Pr', 'Muhamet Qerimi'),
(20619, 'U_Pr', 'Nuri Baxheti'),
(20620, 'U_Pr', 'Zenun Halili'),
(20621, 'U_Pr', 'Adem Beha'),
(20622, 'U_Pr', 'Albina Dranolli'),
(20623, 'U_Pr', 'ANTON Vukpalaj '),
(20624, 'U_Pr', 'Arben Hajdari'),
(20625, 'U_Pr', 'Arsim Canolli'),
(20626, 'U_Pr', 'Arsim Sinani'),
(20627, 'U_Pr', 'Bardhok Bashota'),
(20628, 'U_Pr', 'Blerim Latifi'),
(20629, 'U_Pr', 'Dashamir Berxulli'),
(20630, 'U_Pr', 'Hasnije Ilazi'),
(20631, 'U_Pr', 'Kaltrina Kelmendi '),
(20632, 'U_Pr', 'Krist Shtufi'),
(20633, 'U_Pr', 'Kujtime Bashtrakaj'),
(20634, 'U_Pr', 'Liridona Jemini '),
(20635, 'U_Pr', 'Mytaher Haskuka   '),
(20636, 'U_Pr', 'Nita Luci'),
(20637, 'U_Pr', 'Sabri Kimari'),
(20638, 'U_Pr', 'Selim Bezeraj'),
(20639, 'U_Pr', 'Shemsi Krasniqi'),
(20640, 'U_Pr', 'Vjollca Krasniqi'),
(20641, 'U_Pr', 'Zamira Hyseni - Duraku'),
(20642, 'U_Pr', 'Ardian Gola'),
(20643, 'U_Pr', 'Ardian Kastrati'),
(20644, 'U_Pr', 'Fitim Uka'),
(20645, 'U_Pr', 'Linda Gusia'),
(20646, 'U_Pr', 'Njomza Llullaku'),
(20647, 'U_Pr', 'Meliha Brestovci'),
(20648, 'U_Pr', 'Artan Krasniqi'),
(20649, 'U_Pr', 'Avdyl Gashi'),
(20650, 'U_Pr', 'Dorajet Imeri'),
(20651, 'U_Pr', 'Durim Abdullahu'),
(20652, 'U_Pr', 'Erblir Kadriu '),
(20653, 'U_Pr', 'Gzim Selaci'),
(20654, 'U_Pr', 'Jehona Lushaku'),
(20655, 'U_Pr', 'Lundrim Aliu'),
(20656, 'U_Pr', 'Mentor Hasani'),
(20657, 'U_Pr', 'Natyra Agani'),
(20658, 'U_Pr', 'Zanita Halimi'),
(20659, 'U_Pr', 'Isa Elezaj '),
(20660, 'U_Pr', 'Enver Sherifi'),
(20661, 'U_Pr', 'Daut Rexhepi'),
(20662, 'U_Pr', 'Behxhet Mustafa'),
(20663, 'U_Pr', 'Agim Gashi'),
(20664, 'U_Pr', 'Fadil Millaku'),
(20665, 'U_Pr', 'Kasum Letaj'),
(20666, 'U_Pr', 'Kemajl Kurteshi'),
(20667, 'U_Pr', 'Idriz Vehapi'),
(20668, 'U_Pr', 'Avdulla Alija'),
(20669, 'U_Pr', 'Kemajl Bislimi'),
(20670, 'U_Pr', 'Ismet Hashani '),
(20671, 'U_Pr', 'Sevdije Govori'),
(20672, 'U_Pr', 'Tahir Arbneshi'),
(20673, 'U_Pr', 'Fetah Podvorica'),
(20674, 'U_Pr', 'Ram Vataj'),
(20675, 'U_Pr', 'Fatbardh Gashi'),
(20676, 'U_Pr', 'Fatmir Faiku'),
(20677, 'U_Pr', 'Ramadan Zejnullahu'),
(20678, 'U_Pr', 'Rexhep Gjergji'),
(20679, 'U_Pr', 'Faton Berisha'),
(20680, 'U_Pr', 'Muhib Lohaj'),
(20681, 'U_Pr', 'Naim Braha'),
(20682, 'U_Pr', 'Ferdie Zhushi'),
(20683, 'U_Pr', 'Linda Grapci'),
(20684, 'U_Pr', 'Hazbije Sahiti'),
(20685, 'U_Pr', 'Elez Krasniqi'),
(20686, 'U_Pr', 'Naim Syla'),
(20687, 'U_Pr', 'Sadik Bekteshi'),
(20688, 'U_Pr', 'Skender Kabashi'),
(20689, 'U_Pr', 'Ibrahim Ramadani'),
(20690, 'U_Pr', 'Shpejtim Bulliqi'),
(20691, 'U_Pr', 'Florim Isufi'),
(20692, 'U_Pr', 'Teuta Selimi Sopa'),
(20693, 'U_Pr', 'Bardha Kora'),
(20694, 'U_Pr', 'Naser Troni'),
(20695, 'U_Pr', 'Ramiz Hoti'),
(20696, 'U_Pr', 'Majlinda Daci'),
(20697, 'U_Pr', 'Musaj Paarizi'),
(20698, 'U_Pr', 'Bashkim Thai'),
(20699, 'U_Pr', 'Bujar Fejzullahu'),
(20700, 'U_Pr', 'Halil Ibrahimi'),
(20701, 'U_Pr', 'Avni Hajdari'),
(20702, 'U_Pr', 'Kimete Lluga'),
(20703, 'U_Pr', 'Bekim Gashi'),
(20704, 'U_Pr', 'Shukri Klinaku'),
(20705, 'U_Pr', 'Sefer Avdijaj'),
(20706, 'U_Pr', 'Gazmend Nafezi'),
(20707, 'U_Pr', 'Arsim Ejupi'),
(20708, 'U_Pr', 'Ferim Gashi'),
(20709, 'U_Pr', 'Makfire Sadiku'),
(20710, 'U_Pr', 'Arben Haziri'),
(20711, 'U_Pr', 'Avni Berisha'),
(20712, 'U_Pr', 'Skender Demaku'),
(20713, 'U_Pr', 'Ilir Shehu'),
(20714, 'U_Pr', 'Mimoza Dushi'),
(20715, 'U_Pr', 'Arleta Rifati'),
(20716, 'U_Pr', 'Albana Mehmeti'),
(20717, 'U_Pr', 'Liridon Berisha'),
(20718, 'U_Pr', 'Menderes Gashi'),
(20719, 'U_Pr', 'Ermir Rogova'),
(20720, 'U_Pr', 'Ejup Fejza'),
(20721, 'U_Pr', 'Armend Shabani'),
(20722, 'U_Pr', 'Edmond Aliaga'),
(20723, 'U_Pr', 'Kajtaz Bllaca'),
(20724, 'U_Pr', 'Ramadan Limani'),
(20725, 'U_Pr', 'Lulzim Millaku'),
(20726, 'U_Pr', 'Nesade Mujaj'),
(20727, 'U_Pr', 'Ilir Mazreku'),
(20728, 'U_Pr', 'Enis Dalo'),
(20729, 'U_Pr', 'Naim Berisha'),
(20730, 'U_Pr', 'Alban Hyseni'),
(20731, 'U_Pr', 'Bledar Pulaj'),
(20732, 'U_Pr', 'Fisnik Asllani'),
(20733, 'U_Pr', 'Burim Kamishi'),
(20734, 'U_Pr', 'Fisnik Aliaj'),
(20735, 'U_Pr', 'Zeq Tolaj'),
(20736, 'U_Pr', 'Njomza Elezaj'),
(20737, 'U_Pr', 'Fitim Humolli'),
(20738, 'U_Pr', 'Valbon Bytyqi'),
(20739, 'U_Pr', 'Fehrat Krasniqi'),
(20740, 'U_Pr', 'Hamit Ismaili'),
(20741, 'U_Pr', 'Albana Veseli'),
(20742, 'U_Pr', 'Albert Maxhuni'),
(20743, 'U_Pr', 'Flamur Sopaj'),
(20744, 'U_Pr', 'Jeton Halili'),
(20745, 'U_Pr', 'Miribane Drmaku'),
(20746, 'U_Pr', 'Veprim Thai'),
(20747, 'U_Pr', 'Arsim Maloku'),
(20748, 'U_Pr', 'Kaltrina Jusufi'),
(20749, 'U_Pr', 'Miranda Misini'),
(20750, 'U_Pr', 'Gentiana Hasani'),
(20751, 'U_Pr', 'Avni Malsiu'),
(20752, 'U_Pr', 'Hamide Ibrahimi'),
(20753, 'U_Pr', 'Vjollca Berisha'),
(20754, 'U_Pr', 'Elver Bajrami'),
(20755, 'U_Pr', 'Behar Baxhaku'),
(20756, 'U_Pr', 'Artan Berisha'),
(20757, 'U_Pr', 'Eliot Bytyqi'),
(20758, 'U_Pr', 'Manush Mustafa'),
(20759, 'U_Pr', 'Abdullah Hamiti'),
(20760, 'U_Pr', 'Bardh Rugova'),
(20761, 'U_Pr', 'Kujtim Shala'),
(20762, 'U_Pr', 'Irfan Morina'),
(20763, 'U_Pr', 'Osman Gashi'),
(20764, 'U_Pr', 'Rexhep Shala'),
(20765, 'U_Pr', 'Sali Bashota'),
(20766, 'U_Pr', 'Sali Okumus'),
(20767, 'U_Pr', 'Shykrane Grmizaj'),
(20768, 'U_Pr', 'Anton Berishaj'),
(20769, 'U_Pr', 'Avdi Visoka'),
(20770, 'U_Pr', 'Bajram Kosumi'),
(20771, 'U_Pr', 'Bade Bajrami'),
(20772, 'U_Pr', 'Bekim Bejta'),
(20773, 'U_Pr', 'Isa Memishi'),
(20774, 'U_Pr', 'Lindit  Rugova'),
(20775, 'U_Pr', 'Lindita Tahiri'),
(20776, 'U_Pr', 'Lirak Karjagdiu'),
(20777, 'U_Pr', 'Milazim Krasniqi'),
(20778, 'U_Pr', 'Muhamet Hamiti'),
(20779, 'U_Pr', 'Naser Mrasori'),
(20780, 'U_Pr', 'Nysret Krasniqi'),
(20781, 'U_Pr', 'Qibrije Frangu'),
(20782, 'U_Pr', 'Rrahman Paarizi'),
(20783, 'U_Pr', 'Suzana Canhasi'),
(20784, 'U_Pr', 'Shkumbin Munishi'),
(20785, 'U_Pr', 'Valbona Gashi'),
(20786, 'U_Pr', 'Ergin Jable'),
(20787, 'U_Pr', 'Haki Hysenaj'),
(20788, 'U_Pr', 'Milote Sadiku'),
(20789, 'U_Pr', 'Abdulla Rexhepi'),
(20790, 'U_Pr', 'Albulena Blakaj -Gashi'),
(20791, 'U_Pr', 'Arben Fetoshi'),
(20792, 'U_Pr', 'Muhamed itaku'),
(20793, 'U_Pr', 'Ag Apolloni'),
(20794, 'U_Pr', 'Naim Kryeziu'),
(20795, 'U_Pr', 'Nerimane Kamberi'),
(20796, 'U_Pr', 'Nuran Malta'),
(20797, 'U_Pr', 'Sadije Rexhepi'),
(20798, 'U_Pr', 'Sazana apriqi'),
(20799, 'U_Pr', 'Teuta Abrashi'),
(20800, 'U_Pr', 'Vjosa Hamiti'),
(20801, 'U_Pr', 'Blerta Ismajli'),
(20802, 'U_Pr', 'Sabri Hamiti'),
(20803, 'U_Pr', 'Sedat Kui'),
(20804, 'U_Pr', 'Flutura itaku'),
(20805, 'U_Pr', 'Sala Ahmeti'),
(20806, 'U_Pr', 'Agnesa Hasimja'),
(20807, 'U_Pr', 'Alban Mehmetaj'),
(20808, 'U_Pr', 'Alban Zeneli'),
(20809, 'U_Pr', 'Ardita Berisha'),
(20810, 'U_Pr', 'Donika Elezkurtaj'),
(20811, 'U_Pr', 'Faton Ismajli'),
(20812, 'U_Pr', 'Flutura Mehmeti'),
(20813, 'U_Pr', 'Gzim Qerimi'),
(20814, 'U_Pr', 'Jahja Hondozi'),
(20815, 'U_Pr', 'Kadire Binaj'),
(20816, 'U_Pr', 'Marjela Progni'),
(20817, 'U_Pr', 'Mensur Vokrri'),
(20818, 'U_Pr', 'Muhamet Jahiri'),
(20819, 'U_Pr', 'Remzie Shahini -Hoxhaj'),
(20820, 'U_Pr', 'Nebahat Slevsi'),
(20821, 'U_Pr', 'Shptim Elezi'),
(20822, 'U_Pr', 'Zahrije Kapllanaj'),
(20823, 'U_Pr', 'Zinaide Gruda'),
(20824, 'U_Pr', 'MA Serafina Laji'),
(20825, 'U_Pr', 'Mr Lendita Gjikolli '),
(20826, 'U_Pr', 'MA Afrdita Kasolli'),
(20827, 'U_Pr', 'Blerta Mustafa'),
(20828, 'U_Pr', 'Sadete Trnava-Osmani'),
(20829, 'U_Pr', 'MA Herolinda Bylykbashi'),
(20830, 'U_Pr', 'MA Lendita Kryeziu'),
(20831, 'U_Pr', 'MA Yllk Paarizi'),
(20832, 'U_Pr', 'MA Zekije Xhafe'),
(20833, 'U_Pr', 'Haxhi Gashi'),
(20834, 'U_Pr', 'Abdulla Aliu'),
(20835, 'U_Pr', 'Rexhep Murati'),
(20836, 'U_Pr', 'Arsim Bajrami'),
(20837, 'U_Pr', 'Beqir Sadikaj'),
(20838, 'U_Pr', 'Rexhep Gashi'),
(20839, 'U_Pr', 'Asllan Bilalli'),
(20840, 'U_Pr', 'Nerxhivane Dauti'),
(20841, 'U_Pr', 'Haki Demolli'),
(20842, 'U_Pr', 'Enver Hasani'),
(20843, 'U_Pr', 'Fatmir Sejdiu'),
(20844, 'U_Pr', 'Hajredin Kui'),
(20845, 'U_Pr', 'Mejdi Bektashi'),
(20846, 'U_Pr', 'Bajram Ukaj'),
(20847, 'U_Pr', 'Gjyljeta Mushkolaj'),
(20848, 'U_Pr', 'Hava Ismajli'),
(20849, 'U_Pr', 'Iliriana Islami'),
(20850, 'U_Pr', 'Bedri Peci'),
(20851, 'U_Pr', 'Iset Morina'),
(20852, 'U_Pr', 'Azem Hajdari'),
(20853, 'U_Pr', 'Mirlinda Batalli'),
(20854, 'U_Pr', 'Hamdi Podvorica'),
(20855, 'U_Pr', 'Nuri Behxheti'),
(20856, 'U_Pr', 'Agur Sokoli'),
(20857, 'U_Pr', 'Agim Paca'),
(20858, 'U_Pr', 'Rrustem Qehaja'),
(20859, 'U_Pr', 'Qerim Qerimi'),
(20860, 'U_Pr', 'Visar Morina'),
(20861, 'U_Pr', 'Remzie Istrefi'),
(20862, 'U_Pr', 'Murat Jashari'),
(20863, 'U_Pr', 'Osman Ismaili'),
(20864, 'U_Pr', 'Faik Brestovci'),
(20865, 'U_Pr', 'Rrustem Asllani'),
(20866, 'U_Pr', 'Naim Haliti'),
(20867, 'U_Pr', 'Xhevdet Halili'),
(20868, 'U_Pr', 'Fisnik Korenica'),
(20869, 'U_Pr', 'Bedri Bahtiri'),
(20870, 'U_Pr', 'Besfort Rrecaj'),
(20871, 'U_Pr', 'Avni Puka'),
(20872, 'U_Pr', 'Valbon Mulaj'),
(20873, 'U_Pr', 'Mexhit Shaqiri'),
(20874, 'U_Pr', 'Florent Muaj'),
(20875, 'U_Pr', 'Qerkin Berisha'),
(20876, 'U_Pr', 'Luljeta Plakolli-Kasumi'),
(20877, 'U_Pr', 'Fitore Morina'),
(20878, 'U_Pr', 'Dren Doli'),
(20879, 'U_Pr', 'Islam Pepaj'),
(20880, 'U_Pr', 'Vigan Qorrolli'),
(20881, 'U_Pr', 'Flutura Tahiraj'),
(20882, 'U_Pr', 'Arta Rama'),
(20883, 'U_Pr', 'Emine Abdyli'),
(20884, 'U_Pr', 'Luz Balaj'),
(20885, 'U_Pr', 'Artor Nuhiu'),
(20886, 'U_Pr', 'Vjosa Osmani'),
(20887, 'U_Pr', 'Shefije Hasani'),
(20888, 'U_Pr', 'Flamur Mrasori'),
(20889, 'U_Pr', 'Bashkim Jupolli'),
(20890, 'U_Pr', 'Flamur Hyseni'),
(20891, 'U_Pr', 'Bleta Brovina'),
(20892, 'U_Pr', 'Dafina Bucaj'),
(20893, 'U_Pr', 'Fortuna Haxhikadrija'),
(20894, 'U_Pr', 'Xhafer Tahiri'),
(20895, 'U_Pr', 'Kujtim Kerveshi'),
(20896, 'U_Pr', 'Valza Ukaj - Elshani'),
(20897, 'U_Pr', 'Donik Qerimi'),
(20898, 'U_Pr', 'Rabit Miftari'),
(20899, 'U_Pr', 'Bashkim Preteni'),
(20900, 'U_Pr', 'Isa Mustafa'),
(20901, 'U_Pr', 'Skender Ahmeti'),
(20902, 'U_Pr', 'Sinan Ademaj'),
(20903, 'U_Pr', 'Justina Pula'),
(20904, 'U_Pr', 'Gazmend Luboteni'),
(20905, 'U_Pr', 'Mihane Berisha'),
(20906, 'U_Pr', 'Nail Reshidi'),
(20907, 'U_Pr', 'Shpresa Hoxha'),
(20908, 'U_Pr', 'Berim Ramosaj'),
(20909, 'U_Pr', 'Myrvete Badivuku'),
(20910, 'U_Pr', 'Ramiz Livoreka'),
(20911, 'U_Pr', 'Enver Kutllovci'),
(20912, 'U_Pr', 'Ajet Ahmeti'),
(20913, 'U_Pr', 'Armand Krasniqi'),
(20914, 'U_Pr', 'Rrustem Asllanaj'),
(20915, 'U_Pr', 'Nexhmie Berisha-Vokshi'),
(20916, 'U_Pr', 'Safet Merovci'),
(20917, 'U_Pr', 'Afrdita Berisha-Shaqiri'),
(20918, 'U_Pr', 'Hysen Ismajli'),
(20919, 'U_Pr', 'Florentina Xhelili-Krasniqi'),
(20920, 'U_Pr', 'Rahmije Mustafa'),
(20921, 'U_Pr', 'Drita Konxheli'),
(20922, 'U_Pr', 'Mazllum Baraliu');
INSERT INTO `professors` (`Professor_ID`, `Uni_ID`, `Professor_Name`) VALUES
(20923, 'U_Pr', 'Besnik Krasniqi'),
(20924, 'U_Pr', 'Besim Beqaj'),
(20925, 'U_Pr', 'Driton Qehaja'),
(20926, 'U_Pr', 'Avdullah Hoti'),
(20927, 'U_Pr', 'Ymer Havolli'),
(20928, 'U_Pr', 'Gazmend Qorraj '),
(20929, 'U_Pr', 'Fatos Ukaj'),
(20930, 'U_Pr', 'Petrit Gashi'),
(20931, 'U_Pr', 'Valentin Toqi'),
(20932, 'U_Pr', 'Adriatik Hoxha'),
(20933, 'U_Pr', 'Nimete Berisha'),
(20934, 'U_Pr', 'Muhamet Aliu'),
(20935, 'U_Pr', 'Arben Dermaku'),
(20936, 'U_Pr', 'Hykmete Bajrami'),
(20937, 'U_Pr', 'Driton Balaj'),
(20938, 'U_Pr', 'Visar Rrustemi'),
(20939, 'U_Pr', 'Sadete Pllana'),
(20940, 'U_Pr', 'Mrika Kotorri'),
(20941, 'U_Pr', 'Ardiana Gashi'),
(20943, 'U_Pr', 'Arlinda Kotorri'),
(20944, 'U_Pr', 'Nagip Skenderi'),
(20945, 'U_Pr', 'But Dedaj'),
(20946, 'U_Pr', 'Sevdije Alshiqi'),
(20947, 'U_Pr', 'Vlora Prenaj'),
(20948, 'U_Pr', 'Diamanta Sojeva'),
(20949, 'U_Pr', 'Burim Abdullahu'),
(20950, 'U_Pr', 'Berat Rukiqi'),
(20951, 'U_Pr', 'Lek Pula'),
(20952, 'U_Pr', 'Alban Elshani'),
(20953, 'U_Pr', 'Saranda Kajtazi'),
(20954, 'U_Pr', 'Luljeta Elezi'),
(20955, 'U_Pr', 'Adhurim Haxhimusa'),
(20956, 'U_Pr', 'Veton Zeqiraj'),
(20957, 'U_Pr', 'Liridon Veliu'),
(20958, 'U_Pr', 'Lura Rexhepi'),
(20959, 'U_Pr', 'Arbana Sahiti'),
(20960, 'U_Pr', 'Blerim Dragusha'),
(20961, 'U_Pr', 'Sead Ujkani'),
(20962, 'U_Pr', 'Edona Perjuci '),
(20963, 'U_Pr', 'Vjosa Fejza'),
(20964, 'U_Pr', 'Arbr Hoti'),
(20965, 'U_Pr', 'Gentrit Berisha '),
(20966, 'U_Pr', 'Mjellma Carabregu Vokshi'),
(20967, 'U_Pr', 'Abdullah Zejnullahu'),
(20968, 'U_Pr', 'Fevzi Berisha'),
(20969, 'U_Pr', 'Murat Meha'),
(20970, 'U_Pr', 'Naser Kabashi'),
(20971, 'U_Pr', 'Naim Hasani'),
(20972, 'U_Pr', 'Violeta Nushi'),
(20973, 'U_Pr', 'Prparim Ameti'),
(20974, 'U_Pr', 'Misin Misini'),
(20975, 'U_Pr', 'Zekirija Idrizi'),
(20976, 'U_Pr', 'Flamur Doli'),
(20977, 'U_Pr', 'Hjadar Sadiku'),
(20978, 'U_Pr', 'Fatos Pllana'),
(20979, 'U_Pr', 'Florim Grajevci'),
(20980, 'U_Pr', 'Figene Ahmedi'),
(20981, 'U_Pr', 'Laura Kusari'),
(20982, 'U_Pr', 'Kadri Morina'),
(20983, 'U_Pr', 'Arta Jakupi'),
(20984, 'U_Pr', 'Florina Jerliu'),
(20985, 'U_Pr', 'Teuta Jashari - Kajtazi'),
(20986, 'U_Pr', 'Bujar Bajinovci'),
(20987, 'U_Pr', 'Egzon Bajraktari'),
(20988, 'U_Pr', 'Dervish Qerreti'),
(20989, 'U_Pr', 'Dukagjin Hasimja'),
(20990, 'U_Pr', 'Erneste Qata'),
(20991, 'U_Pr', 'Faik Hasani'),
(20992, 'U_Pr', 'Vlora Navakazi'),
(20993, 'U_Pr', 'Xhelal Llonari'),
(20994, 'U_Pr', 'Musa Stavileci'),
(20995, 'U_Pr', 'Isak Hoxha'),
(20996, 'U_Pr', 'Bashkim Idrizi'),
(20997, 'U_Pr', 'Ismail Kabashi'),
(20998, 'U_Pr', 'Shaban Perjuci'),
(20999, 'U_Pr', 'Ilir Rodiqi'),
(21000, 'U_Pr', 'Ardita Byci - Jakupi'),
(21001, 'U_Pr', 'Arta Xhambazi'),
(21002, 'U_Pr', 'Ali Muriqi'),
(21003, 'U_Pr', 'Eliza Hoxha'),
(21004, 'U_Pr', 'Arban Berisha'),
(21005, 'U_Pr', 'Arton Dautaj'),
(21006, 'U_Pr', 'Bajram Shefkiu'),
(21007, 'U_Pr', 'Burbuqe Shatri'),
(21008, 'U_Pr', 'Cen Krasniqi'),
(21009, 'U_Pr', 'Milot Muhaxheri'),
(21010, 'U_Pr', 'Qani Kadiri'),
(21011, 'U_Pr', 'Ragip Hadri'),
(21012, 'U_Pr', 'Rozafa Basha'),
(21013, 'U_Pr', 'Vlora Shatri'),
(21014, 'U_Pr', 'Fitore Bajrami'),
(21015, 'U_Pr', 'Besim Ajvazi'),
(21016, 'U_Pr', 'Anita Gjukaj'),
(21017, 'U_Pr', 'Esat Gashi'),
(21018, 'U_Pr', 'Ymer Kuka'),
(21019, 'U_Pr', 'Fisnik Loshi'),
(21020, 'U_Pr', 'Ilir Gjinolli'),
(21021, 'U_Pr', 'Bardha Meka'),
(21022, 'U_Pr', 'Miranda Rashani'),
(21023, 'U_Pr', 'Flaka Xrxa'),
(21024, 'U_Pr', 'Arta Januzi - Cana'),
(21025, 'U_Pr', 'Enver Hamiti'),
(21026, 'U_Pr', 'Mimoza Ibrani'),
(21027, 'U_Pr', 'Vjollca Komoni'),
(21028, 'U_Pr', 'Luan Ahma'),
(21029, 'U_Pr', 'Ilir Limani'),
(21030, 'U_Pr', 'Marjan Dema'),
(21031, 'U_Pr', 'Isak Shabani'),
(21032, 'U_Pr', 'Myzafere Limani'),
(21033, 'U_Pr', 'Nysret Avdiu'),
(21034, 'U_Pr', 'Ruzhdi Sefa'),
(21035, 'U_Pr', 'Blerim Rexha'),
(21036, 'U_Pr', 'Gazmend Pula'),
(21037, 'U_Pr', 'Lule Ahmedi'),
(21038, 'U_Pr', 'Qefsere Gjonbalaj'),
(21039, 'U_Pr', 'Rexhep Hasani'),
(21040, 'U_Pr', 'Skender Ahmetaj'),
(21041, 'U_Pr', 'Sabrije Osmanaj'),
(21042, 'U_Pr', 'Shqipe Lohaj'),
(21043, 'U_Pr', 'Avni Rexhepi'),
(21044, 'U_Pr', 'Bujar Krasniqi'),
(21045, 'U_Pr', 'Lavdim Kurtaj'),
(21046, 'U_Pr', 'Rreze Halili'),
(21047, 'U_Pr', 'Arben Mashkulli'),
(21048, 'U_Pr', 'Kadri Sylejmani'),
(21049, 'U_Pr', 'Vjosa Shatri'),
(21050, 'U_Pr', 'Enkele Rama'),
(21051, 'U_Pr', 'Artan Mazrekaj'),
(21052, 'U_Pr', 'Valdete Rexhbeqaj-Hamiti'),
(21053, 'U_Pr', 'Valon Raca'),
(21054, 'U_Pr', 'Hna Maloku'),
(21055, 'U_Pr', 'Kushtrim Podrimqaku'),
(21056, 'U_Pr', 'Valon Veliu'),
(21057, 'U_Pr', 'Zenun Kastrati'),
(21058, 'U_Pr', 'Agron PAJAZITI'),
(21059, 'U_Pr', 'Ali MURIQI'),
(21060, 'U_Pr', 'Arbnor PAJAZITI'),
(21061, 'U_Pr', 'Bashkim BAXHAKU'),
(21062, 'U_Pr', 'Beqir HAMIDI'),
(21063, 'U_Pr', 'Ilir DOI'),
(21064, 'U_Pr', 'Hysni OSMANI'),
(21065, 'U_Pr', 'Naser SAHITI'),
(21066, 'U_Pr', 'Sadullah AVDIU'),
(21067, 'U_Pr', 'Ahmet SHALA'),
(21068, 'U_Pr', 'Azem KYYKU'),
(21069, 'U_Pr', 'Mirlind BRUI'),
(21070, 'U_Pr', 'Naser LAJQI'),
(21071, 'U_Pr', 'Nexhat QEHAJA'),
(21072, 'U_Pr', 'Ram LIKAJ'),
(21073, 'U_Pr', 'Rexhep SELIMAJ'),
(21074, 'U_Pr', 'Xhevat BERISHA'),
(21075, 'U_Pr', 'Afrim Gjelaj'),
(21076, 'U_Pr', 'Bedri DRAGUSHA'),
(21077, 'U_Pr', 'Ramadan Mazrekaj'),
(21078, 'U_Pr', 'Ferat SHALA'),
(21079, 'U_Pr', 'Ferit IDRIZI'),
(21080, 'U_Pr', 'Fitore ABDULAHU'),
(21081, 'U_Pr', 'Luan GARA'),
(21082, 'U_Pr', 'Shpetim LAJQI'),
(21083, 'U_Pr', 'Xhevahir Bajrami'),
(21084, 'U_Pr', 'Gani PLLANA'),
(21085, 'U_Pr', 'Drenusha KRASNIQI	'),
(21086, 'U_Pr', 'Arlinda ALIMEHAJ RRECAJ'),
(21087, 'U_Pr', 'Halil DEMOLLI	'),
(21088, 'U_Pr', 'Kumbin SHALA	'),
(21089, 'U_Pr', 'Kaltrin JAKUPI'),
(21090, 'U_Pr', 'Ramadan DURAKU'),
(21091, 'U_Pr', 'Riad RAMADANI	'),
(21092, 'U_Pr', 'Rinor Berisha'),
(21093, 'U_Pr', 'Shkelzen SHABANI'),
(21094, 'U_Pr', 'Drilon Meha'),
(21095, 'U_Pr', 'Shkumbin MAKOLLI'),
(21096, 'U_Pr', 'Rifat Krasniqi'),
(21097, 'U_Pr', 'Afrdita Daka '),
(21098, 'U_Pr', 'Arsim Morina '),
(21099, 'U_Pr', 'Adem Limani '),
(21100, 'U_Pr', 'Azem Laji '),
(21101, 'U_Pr', 'Bajram Nuraj '),
(21102, 'U_Pr', 'Blerim Kamberi '),
(21103, 'U_Pr', 'Cen Bytyqi '),
(21104, 'U_Pr', 'Gjyle Mulliqi-Osmani '),
(21105, 'U_Pr', 'Hajrije Hundozi-Hyseni '),
(21106, 'U_Pr', 'Halil Ahmetaj '),
(21107, 'U_Pr', 'Hilmi Islami '),
(21108, 'U_Pr', 'Kelmend Spahiu '),
(21109, 'U_Pr', 'Myrvete Paarada '),
(21110, 'U_Pr', 'Mehmedali Azemi '),
(21111, 'U_Pr', 'Nexhmi Hyseni '),
(21112, 'U_Pr', 'Qazim Hysenaj '),
(21113, 'U_Pr', 'Ruke Shala-Beqiraj '),
(21114, 'U_Pr', 'Ragip Shabani '),
(21115, 'U_Pr', 'Selvete Hoxha-Krasniqi '),
(21116, 'U_Pr', 'Syheda Latifi - Hoxha '),
(21117, 'U_Pr', 'Suzana Manxhuka-Krliu '),
(21118, 'U_Pr', 'Sadi Bexheti '),
(21119, 'U_Pr', 'Salih Ahmeti '),
(21120, 'U_Pr', 'Shefqet Lulaj '),
(21121, 'U_Pr', 'Veton Hoxha '),
(21122, 'U_Pr', 'Gani Bajraktari '),
(21123, 'U_Pr', 'Vjollca Sahatiu-Meka '),
(21124, 'U_Pr', 'Fehmi Zeqiri '),
(21125, 'U_Pr', 'Sadik Zekaj '),
(21126, 'U_Pr', 'Tahire Gjergji '),
(21127, 'U_Pr', 'Agim Begzati '),
(21128, 'U_Pr', 'Ferit Koani '),
(21129, 'U_Pr', 'Gloria Staka '),
(21130, 'U_Pr', 'Gazmend Kaaniku '),
(21131, 'U_Pr', 'Hatixhe Latifi-Pupovci '),
(21132, 'U_Pr', 'Hamdi Ramadani '),
(21133, 'U_Pr', 'Hasan Ahmeti '),
(21134, 'U_Pr', 'Hidajet Paarizi '),
(21135, 'U_Pr', 'Kujtim Shala '),
(21136, 'U_Pr', 'Merita Koinaj-Berisha '),
(21137, 'U_Pr', 'Mybera Ferizi '),
(21138, 'U_Pr', 'Metush Disha '),
(21139, 'U_Pr', 'Milaim Sejdini '),
(21140, 'U_Pr', 'Naim Haliti '),
(21141, 'U_Pr', 'Naser Ramadani '),
(21142, 'U_Pr', 'Rexhep Hoxha '),
(21143, 'U_Pr', 'Sami Salihu '),
(21144, 'U_Pr', 'Sylejman Rexhepi '),
(21145, 'U_Pr', 'Shpend Elezi '),
(21146, 'U_Pr', 'Shemsedin Dreshaj '),
(21147, 'U_Pr', 'Zylfije Hundozi '),
(21148, 'U_Pr', 'Dashnor Nebija '),
(21149, 'U_Pr', 'Afrim Blyta '),
(21150, 'U_Pr', 'Faton Morina '),
(21151, 'U_Pr', 'Hasime Qorraj-Bytyqi '),
(21152, 'U_Pr', 'Hysni Arifi '),
(21153, 'U_Pr', 'Isme Humolli '),
(21154, 'U_Pr', 'Lumturije Gashi-Luci '),
(21155, 'U_Pr', 'Luljeta Begolli '),
(21156, 'U_Pr', 'Antigona Hasani '),
(21157, 'U_Pr', 'Adnan Bozalija '),
(21158, 'U_Pr', 'Bashkim Kastrati '),
(21159, 'U_Pr', 'Burim Neziri '),
(21160, 'U_Pr', 'Fatmir Dragidella '),
(21161, 'U_Pr', 'Ilir Begolli '),
(21162, 'U_Pr', 'Ibrahim Rudhani '),
(21163, 'U_Pr', 'Kreshnik Hoti '),
(21164, 'U_Pr', 'Lidvana Pallaska - Spahiu '),
(21165, 'U_Pr', 'Lul Raka '),
(21166, 'U_Pr', 'Meleq Bahtijari '),
(21167, 'U_Pr', 'Naser Salihu '),
(21168, 'U_Pr', 'Naim Jerliu '),
(21169, 'U_Pr', 'Nehat Baftiu '),
(21170, 'U_Pr', 'Resmije Ademi '),
(21171, 'U_Pr', 'Ram Miftari '),
(21172, 'U_Pr', 'Serbeze Kabashi-Muaj '),
(21173, 'U_Pr', 'Sebahate Zeqiri '),
(21174, 'U_Pr', 'Sefedin Muaj '),
(21175, 'U_Pr', 'Shemsedin  Sadiku '),
(21176, 'U_Pr', 'Shaip Krasniqi '),
(21177, 'U_Pr', 'Teuta Pustina-Krasniqi '),
(21178, 'U_Pr', 'Violeta Ukmata - Vula '),
(21179, 'U_Pr', 'Valdete Topiu '),
(21180, 'U_Pr', 'Zana Baruti-Gafurri '),
(21181, 'U_Pr', 'Ardiana Murtezani '),
(21182, 'U_Pr', 'Mentor Sopjani '),
(21183, 'U_Pr', 'Mimoza Basholli '),
(21184, 'U_Pr', 'Ramadan Sopi '),
(21185, 'U_Pr', 'Afrim Shabani '),
(21186, 'U_Pr', 'Arjeta Baruti '),
(21187, 'U_Pr', 'Arsim Behramaj '),
(21188, 'U_Pr', 'Besnik Bicaj '),
(21189, 'U_Pr', 'Arlind Batalli '),
(21190, 'U_Pr', 'Blerim Mehmeti '),
(21191, 'U_Pr', 'Drita Kutllovci-Zogaj '),
(21192, 'U_Pr', 'Emine Ramku '),
(21193, 'U_Pr', 'Enver Feka '),
(21194, 'U_Pr', 'Fahredin Veselaj '),
(21195, 'U_Pr', 'Fatos Sada '),
(21196, 'U_Pr', 'Florent Kavaja '),
(21197, 'U_Pr', 'Halit Maloku '),
(21198, 'U_Pr', 'Laura Leci-Tahiri '),
(21199, 'U_Pr', 'Lulzim Vokrri '),
(21200, 'U_Pr', 'Musli Gashi '),
(21201, 'U_Pr', 'Petrit Nuraj '),
(21202, 'U_Pr', 'Sabit Sllamniku '),
(21203, 'U_Pr', 'Shemsedin Hasani '),
(21204, 'U_Pr', 'Skender Shabani '),
(21205, 'U_Pr', 'Valbona Zhjeqi '),
(21206, 'U_Pr', 'Violeta Grajevci-Uka '),
(21207, 'U_Pr', 'Vlora Ismaili-Jaha '),
(21208, 'U_Pr', 'Agon Mekaj '),
(21209, 'U_Pr', 'Afrim Poniku '),
(21210, 'U_Pr', 'Aida Loshaj-Shala '),
(21211, 'U_Pr', 'Rrahman Ferizi '),
(21212, 'U_Pr', 'Albena Reshitaj '),
(21213, 'U_Pr', 'Albert Jonuzaj '),
(21214, 'U_Pr', 'Alma Ferizi-Koinaj '),
(21215, 'U_Pr', 'Arben Kutllovci '),
(21216, 'U_Pr', 'Argjira Juniku '),
(21217, 'U_Pr', 'Arbnore Batalli-Kpuska '),
(21218, 'U_Pr', 'Ariana Kelmendi '),
(21219, 'U_Pr', 'Arjeta Podrimaj '),
(21220, 'U_Pr', 'Arlinda Maloku-eku '),
(21221, 'U_Pr', 'Artan Ahmeti '),
(21222, 'U_Pr', 'Besim Xhafa '),
(21223, 'U_Pr', 'Besim Morina '),
(21224, 'U_Pr', 'Blerta Latifi-Xhemajli '),
(21225, 'U_Pr', 'Blerina Koshi '),
(21226, 'U_Pr', 'Astrit Hamza '),
(21227, 'U_Pr', 'Dardan Koinaj '),
(21228, 'U_Pr', 'Denis Raka '),
(21229, 'U_Pr', 'Driton Vela '),
(21230, 'U_Pr', 'Driton Shabani '),
(21231, 'U_Pr', 'Elton Bahtiri '),
(21232, 'U_Pr', 'Edmond Haliti '),
(21233, 'U_Pr', 'Fisnik Kurshumliu '),
(21234, 'U_Pr', 'Gentian Hoxha '),
(21235, 'U_Pr', 'Goneta Gashi '),
(21236, 'U_Pr', 'Greta Lila-Azizi '),
(21237, 'U_Pr', 'Ilir Kurtishi '),
(21238, 'U_Pr', 'Iliriana Osmani '),
(21239, 'U_Pr', 'Jehona Reica-Ahmedi '),
(21240, 'U_Pr', 'Kaltrina Ahmeti-Ajeti '),
(21241, 'U_Pr', 'Kastriot Meqa '),
(21242, 'U_Pr', 'Labinot Shahini '),
(21243, 'U_Pr', 'Leonard Kurti '),
(21244, 'U_Pr', 'Luan Kurtishi '),
(21245, 'U_Pr', 'Majlinda Berisha '),
(21246, 'U_Pr', 'Mergime Prekazi-Loxha '),
(21247, 'U_Pr', 'Merita Hashani '),
(21248, 'U_Pr', 'Mimoza Ismaili '),
(21249, 'U_Pr', 'Mirlinda Kubati '),
(21250, 'U_Pr', 'Naim Morina '),
(21251, 'U_Pr', 'Pranvera Zejnullahu '),
(21252, 'U_Pr', 'Pranvera Breznica '),
(21253, 'U_Pr', 'Premtim Rashiti '),
(21254, 'U_Pr', 'Rina Limani '),
(21255, 'U_Pr', 'Rina Tafarshiku '),
(21256, 'U_Pr', 'Rozafa Koliqi '),
(21257, 'U_Pr', 'Rrezarta Alihajdaraj '),
(21258, 'U_Pr', 'Sokol Krasniqi '),
(21259, 'U_Pr', 'Rrezarta Bajrami '),
(21260, 'U_Pr', 'Shkelzen Dui '),
(21261, 'U_Pr', 'Shptim Salihu '),
(21262, 'U_Pr', 'Shqipe Spahiu '),
(21264, 'U_Pr', 'Valon Krasniqi '),
(21265, 'U_Pr', 'Venera Berisha '),
(21266, 'U_Pr', 'Visar Berisha '),
(21267, 'U_Pr', 'Zana Vela '),
(21268, 'U_Pr', 'Zana Sllamniku '),
(21269, 'U_Pr', 'Xhevdet Krasniqi '),
(21270, 'U_Pr', 'Vlora Ademi-Ibishi '),
(21271, 'U_Pr', 'Kaltrina Kryeziu '),
(21272, 'U_Pr', 'Kutllovci '),
(21273, 'U_Pr', 'Agim Salihu'),
(21274, 'U_Pr', 'Zake Prelvukaj'),
(21275, 'U_Pr', 'Basri Mekolli'),
(21276, 'U_Pr', 'Faik Krasniqi'),
(21277, 'U_Pr', 'Menduh Nushi'),
(21278, 'U_Pr', 'Adem Rusinovci'),
(21279, 'U_Pr', 'Majlinda Kelmendi'),
(21280, 'U_Pr', 'Hajrush Fazliu'),
(21281, 'U_Pr', 'Ismet Jonuzi'),
(21282, 'U_Pr', 'Miradije Ramiqi'),
(21283, 'U_Pr', 'Valdeta Vuitrna'),
(21284, 'U_Pr', 'Eshref Qahili'),
(21285, 'U_Pr', 'Isa Alimusaj'),
(21286, 'U_Pr', 'Aziz Islamaj'),
(21287, 'U_Pr', 'Valbona Rexhepi'),
(21288, 'U_Pr', 'Visar Mulliqi'),
(21289, 'U_Pr', 'Agron Bytyqi'),
(21290, 'U_Pr', 'Nagip Berisha'),
(21291, 'U_Pr', 'Mehmet Behluli'),
(21292, 'U_Pr', 'Fatmir Hoxha'),
(21293, 'U_Pr', 'Alban Nimani'),
(21294, 'U_Pr', 'Muhamet Ahmeti'),
(21295, 'U_Pr', 'Mirsad Lushtaku'),
(21296, 'U_Pr', 'Xhevdet Pantina'),
(21297, 'U_Pr', 'Bardhyl Bejtullahu'),
(21298, 'U_Pr', 'Guri avdarbasha'),
(21299, 'U_Pr', 'Lyra Zajmi'),
(21300, 'U_Pr', 'Fadil Hysaj'),
(21301, 'U_Pr', 'Isa Qosja'),
(21302, 'U_Pr', 'Enver Petrovci'),
(21303, 'U_Pr', 'Shyqri Galica'),
(21304, 'U_Pr', 'Luan Daka'),
(21305, 'U_Pr', 'Luan Jaha'),
(21306, 'U_Pr', 'Mentor Zymberaj'),
(21307, 'U_Pr', 'Afrim Gora'),
(21308, 'U_Pr', 'Burim Gora'),
(21309, 'U_Pr', 'Agnesa Muharremi Kastrati'),
(21310, 'U_Pr', 'Agnes Nokshiqi'),
(21311, 'U_Pr', 'Emin Halili'),
(21312, 'U_Pr', 'Sylejman Kllokoqi'),
(21313, 'U_Pr', 'Haqif Mulliqi'),
(21314, 'U_Pr', 'Arbnesha Nixha'),
(21315, 'U_Pr', 'Ilire elaj'),
(21316, 'U_Pr', 'Shkumbin Istrefi'),
(21317, 'U_Pr', 'Agim Selimi'),
(21318, 'U_Pr', 'Bekim Lumi'),
(21319, 'U_Pr', 'Selami Taraku'),
(21320, 'U_Pr', 'Mehmet Kraja'),
(21321, 'U_Pr', 'Trimo Dhomi'),
(21322, 'U_Pr', 'Besim Rexhaj'),
(21323, 'U_Pr', 'Zymber Kelmendi'),
(21324, 'U_Pr', 'Jeton Ahmetaj'),
(21325, 'U_Pr', 'Haki Mulliqi'),
(21326, 'U_Pr', 'Ismet Sijarina'),
(21327, 'U_Pr', 'Astrit Kabashi'),
(21328, 'U_Pr', 'Hazir Haziri'),
(21329, 'U_Pr', 'Elmaze Nura'),
(21330, 'U_Pr', 'Alma Bektashi'),
(21331, 'U_Pr', 'Ekrem Xani'),
(21332, 'U_Pr', 'Drita Begolli'),
(21333, 'U_Pr', 'Hatixhe Hoxha'),
(21334, 'U_Pr', 'Rafet Rudi'),
(21335, 'U_Pr', 'Lejla Pula'),
(21336, 'U_Pr', 'Venera Kajtazi'),
(21337, 'U_Pr', 'Sihana Badivuku'),
(21338, 'U_Pr', 'Ahmet Drguti'),
(21339, 'U_Pr', 'Valton Beqiri'),
(21340, 'U_Pr', 'Valbona Petrovci'),
(21341, 'U_Pr', 'Blerim Grubi'),
(21342, 'U_Pr', 'Bajar Berisha'),
(21343, 'U_Pr', 'Antonio Gashi'),
(21344, 'U_Pr', 'Mendi Mengjiqi'),
(21345, 'U_Pr', 'Lule Elezi'),
(21346, 'U_Pr', 'Xhevdet Sahatxhija'),
(21347, 'U_Pr', 'Merita Juniku'),
(21348, 'U_Pr', 'Alberta Troni'),
(21349, 'U_Pr', 'Florita Raifi'),
(21350, 'U_Pr', 'Selami Kolonja'),
(21351, 'U_Pr', 'Nezahate Shala-Zeka'),
(21352, 'U_Pr', 'Zana Badivuku'),
(21353, 'U_Pr', 'Besa Shema-Luzha'),
(21354, 'U_Pr', 'Fraim Gashi'),
(21355, 'U_Pr', 'Ermira itaku'),
(21356, 'U_Pr', 'Sanije Matoshi'),
(21357, 'U_Pr', 'Kreshnik Alikaj'),
(21358, 'U_Pr', 'Dafina Zeqiri'),
(21359, 'U_Pr', 'Visar Kuqi'),
(21360, 'U_Pr', 'Arianit Shehu'),
(21361, 'U_Pr', 'Misbah Kaamaku'),
(21362, 'U_Pr', 'Reshat Rexhepi'),
(21363, 'U_Pr', 'Astrit Mustafa'),
(21364, 'U_Pr', 'Betim Krasniqi'),
(21365, 'U_Pr', 'Pranvera Hoxha'),
(21366, 'U_Pr', 'Lirika Pula'),
(21367, 'U_Pr', 'Syl Sylanaj'),
(21368, 'U_Pr', 'Ragip Kastrati'),
(21369, 'U_Pr', 'Nuridin Mestani'),
(21370, 'U_Pr', 'Xhevdet Elezi'),
(21371, 'U_Pr', 'Muj Gjonbalaj'),
(21372, 'U_Pr', 'Fetahu'),
(21373, 'U_Pr', 'Hajrip Mehmeti'),
(21374, 'U_Pr', 'Skender Kaiu'),
(21375, 'U_Pr', 'Bajram Berisha'),
(21376, 'U_Pr', 'Imer Rusinovci'),
(21377, 'U_Pr', 'Skender Muji'),
(21378, 'U_Pr', 'Hysen Bytyqi'),
(21379, 'U_Pr', 'Kurtesh Sherifi'),
(21380, 'U_Pr', 'Afrim Hamidi '),
(21381, 'U_Pr', 'Mentor Thaqi'),
(21382, 'U_Pr', 'Sali Aliu'),
(21383, 'U_Pr', 'Salih Salihu'),
(21384, 'U_Pr', 'Bedri Dragusha'),
(21385, 'U_Pr', 'Muhamet Kamberi'),
(21386, 'U_Pr', 'Avni Robaj'),
(21387, 'U_Pr', 'Arben Mehmeti'),
(21388, 'U_Pr', 'Mustaf Pllana'),
(21389, 'U_Pr', 'Alltane Kryeziu'),
(21390, 'U_Pr', 'Fadil Musa'),
(21391, 'U_Pr', 'Behlul Behluli'),
(21392, 'U_Pr', 'Xhavit Ramadani'),
(21393, 'U_Pr', 'Fatgzim Latifi'),
(21394, 'U_Pr', 'Driton Sylejmani'),
(21395, 'U_Pr', 'Arben Musliu'),
(21396, 'U_Pr', 'Agim Rexhepi'),
(21397, 'U_Pr', 'Adem Rama'),
(21398, 'U_Pr', 'Bardhyl Noci'),
(21399, 'U_Pr', 'Jehona Shkodra'),
(21400, 'U_Pr', 'Imer Haziri'),
(21401, 'U_Pr', 'Njazi Bytyqi'),
(21402, 'U_Pr', 'Driton aushi'),
(21403, 'U_Pr', 'Blerta Mehmedi '),
(21404, 'U_Pr', 'Muhamet Zogaj'),
(21405, 'U_Pr', 'Iliriana Miftari'),
(21406, 'U_Pr', 'Rreze Gecaj'),
(21407, 'U_Pr', 'Reshat Ymeri'),
(21408, 'U_Pr', 'Musa Selimi'),
(21409, 'U_Pr', 'Afrim Koca'),
(21410, 'U_Pr', 'Shqipe Bajinca'),
(21411, 'U_Pr', 'Bylbyl Sokoli'),
(21412, 'U_Pr', 'Hasim Rushiti'),
(21413, 'U_Pr', 'Naser Rashiti'),
(21414, 'U_Pr', 'Ajvaz Berisha'),
(21415, 'U_Pr', 'Aziz Dujaka'),
(21416, 'U_Pr', 'Adem Nura'),
(21417, 'U_Pr', 'Abdulla Elezi'),
(21418, 'U_Pr', 'Xhemail Kikaj'),
(21419, 'U_Pr', 'Hazir Salihu'),
(21420, 'U_Pr', 'Sadik Krasniqi'),
(21421, 'U_Pr', 'Bujar Turjaka'),
(21422, 'U_Pr', 'Ilir Gllareva'),
(21423, 'U_Pr', 'Faton Tishukaj'),
(21424, 'U_Pr', 'Besim Halilaj'),
(21425, 'U_Pr', 'Liridon Bekolli'),
(21426, 'U_Pr', 'Bahri Gjinovci'),
(21427, 'U_Pr', 'Besnik Morina'),
(21428, 'U_Pr', 'sci Florian Miftari'),
(21429, 'U_Pr', 'Gentiana Beqa'),
(21430, 'U_Pr', 'Malsor Gjonbalaj'),
(21431, 'U_Pr', 'Nazim Myrtaj'),
(21432, 'U_Pr', 'Vehbi Miftari'),
(21433, 'U_Pr', 'Eglantina Bilalli'),
(21435, 'U_Pr', 'Ferat Sallahu'),
(21436, 'U_Pr', 'Sylejman Shala'),
(21437, 'U_Pr', 'Masar Gjaka'),
(21438, 'U_Pr', 'Fadil Rexhepi'),
(21440, 'U_Pr', 'Rabit Veseli'),
(21441, 'U_Pr', 'Liridona Jemini - Gashi'),
(21442, 'U_Pr', 'Avdi Pireva'),
(21443, 'U_Pr', 'Osman Osmani'),
(21444, 'U_Pr', 'Mustaf Aliu'),
(21445, 'U_Pr', 'Kushtrim Berisha'),
(21446, 'U_Pr', 'Shkelzen Shala'),
(21447, 'U_Pr', 'Arben Maliqi'),
(21448, 'U_Pr', 'Ethem eku'),
(21449, 'U_Pr', 'Majlinda Gjelaj'),
(21450, 'U_Pr', 'Xhevat Krasniqi'),
(21451, 'U_Pr', 'Zeqir Shaqiri'),
(21452, 'U_Pr', 'Zeqir Veselaj'),
(21453, 'U_Pr', 'Dem Hoti'),
(21454, 'U_Pr', 'Begzad Baliu'),
(21455, 'U_Pr', 'Afrdita Zuna'),
(21456, 'U_Pr', 'Arlinda Beka'),
(21457, 'U_Pr', 'Blerim Saqipi'),
(21458, 'U_Pr', 'Eda Vula'),
(21459, 'U_Pr', 'Fatlume Berisha'),
(21460, 'U_Pr', 'Naser Pajaziti'),
(21461, 'U_Pr', 'Januz Drvodeli'),
(21462, 'U_Pr', 'Naser Zabeli'),
(21463, 'U_Pr', 'Bahtije Gerbeshi'),
(21464, 'U_Pr', 'Kastriot Buza'),
(21465, 'U_Pr', 'Myrvete Dreshaj-Baliu'),
(21466, 'U_Pr', 'Hatixhe Ismajli'),
(21467, 'U_Pr', 'Minevere Rashiti'),
(21468, 'U_Pr', 'Skender Beqa'),
(21469, 'U_Pr', 'Ardita Devolli'),
(21470, 'U_Pr', 'Xhafer Ismaili'),
(21471, 'U_Pr', 'Sylejman Berisha'),
(21472, 'U_Pr', 'Atdhe Hykolli'),
(21473, 'U_Pr', 'Ruzhdi Kuqi'),
(21474, 'U_Pr', 'Ilir Muharremi '),
(21475, 'U_Pr', 'Haki  Xhakli'),
(21476, 'U_Pr', 'Ganimete Kulinxha'),
(21477, 'U_Pr', 'Nusret Pllana'),
(21478, 'U_Pr', 'Islam Krasniqi'),
(21479, 'U_Pr', 'Valbona Berisha'),
(21480, 'U_Pr', 'Arlinda Damoni-Bytyqi'),
(21481, 'U_Pr', 'Adhurim Rasimi'),
(21482, 'U_Pr', 'Vlora Sylaj'),
(21483, 'U_Pr', 'Rrezarta Avdyli'),
(21484, 'U_Pr', 'Fahri Marevci'),
(21485, 'U_Pr', 'Fatmir Brovina'),
(21486, 'U_Pr', 'Linda Salihu'),
(21487, 'U_Pr', 'Leonora Husaj'),
(21488, 'U_Pr', 'Xhavit Beqiri'),
(21489, 'U_Pr', 'Sedat Baraliu'),
(21490, 'U_Pr', 'Kyvete Shatri'),
(21491, 'U_Pr', 'Pleurat Kabashi'),
(21492, 'U_Pr', 'Violeta Bardhi'),
(21493, 'U_Pr', 'Muhamet Peci'),
(21494, 'U_Pr', 'Agnesa anta'),
(21495, 'U_Pr', 'Vjollca Ahmeti'),
(21496, 'U_Pr', 'Rozafa Ferizi'),
(21497, 'U_Pr', 'Valentina Nimonaj'),
(21498, 'U_Pr', 'Jehona Ferizi - Miftari'),
(21499, 'U_Pr', 'Jehona Rrustemi'),
(21500, 'U_Pr', 'Florent Bunjaku'),
(21501, 'U_Pr', 'Selim Qevani'),
(21502, 'U_Pr', 'Sefedin Rahimi'),
(21503, 'U_Pr', 'Adelina Hajrullahu'),
(21504, 'U_Pr', 'Veli Kryeziu'),
(21505, 'U_Pr', 'Zenel Krasniqi'),
(21506, 'U_Pr', 'Blerta Perolli-Shehu'),
(21507, 'U_Pr', 'Edona Kida-Berisha'),
(21508, 'U_Pr', 'Teuta Danuza'),
(21509, 'U_Pr', 'Albulena Metaj'),
(21510, 'U_Pr', 'Nazmi Hasi'),
(21511, 'U_Pr', 'Rasim Nura'),
(21512, 'U_Pr', 'Meleq Bahtijari'),
(21514, 'U_Pr', 'Blerina Voca'),
(21515, 'U_Pr', 'Lavdim Halilaj'),
(21516, 'U_Pr', 'Drilon Bunjaku'),
(21517, 'U_Pr', 'Muzafere Limani'),
(21519, 'U_Pr', 'Avdi Salihu'),
(21520, 'U_Pr', 'Avni Terziqi'),
(21521, 'U_Pr', 'Hakif Zeqiri'),
(21522, 'U_Pr', 'Ahmet Latifi'),
(21523, 'U_Pr', 'Bujar Shita'),
(21524, 'U_Pr', 'Bajram Mulaku'),
(21525, 'U_Pr', 'Melihate Shala-Galica'),
(21526, 'U_Pr', 'Muhamet Hajrizi'),
(21527, 'U_Pr', 'Qamil Kabashi'),
(21528, 'U_Pr', 'Milaim Zabeli'),
(21529, 'U_Pr', 'Fitim Zeqiri'),
(21531, 'U_Pr', 'Arberi Krasniqi'),
(21532, 'U_Pr', 'Avdyl Bunjaku'),
(21533, 'U_Pr', 'Hysni Osmani'),
(21534, 'U_Pr', 'Agron Pajaziti'),
(21536, 'U_Pr', 'Azem Kyqyku'),
(21537, 'U_Pr', 'Ismet Ibishi'),
(21538, 'U_Pr', 'Edita Bekteshi'),
(21539, 'U_Pr', 'Ramadan Plakolli'),
(21540, 'U_Fj', 'Florit Hoxha'),
(21541, 'U_Fj', 'Bujar Pira'),
(21542, 'U_Fj', 'Afrim Loku'),
(21543, 'U_Fj', 'Azem Jashari'),
(21544, 'U_Fj', 'Agron Bajraktari'),
(21546, 'U_Fj', 'Sulejman Meta'),
(21548, 'U_Fj', 'Fatmir erkini'),
(21549, 'U_Fj', 'Flamur Salihu'),
(21550, 'U_Fj', 'Rrahim Sejdiu');

-- --------------------------------------------------------

--
-- Table structure for table `universities`
--

CREATE TABLE `universities` (
  `ID` int(11) NOT NULL,
  `Uni_ID` varchar(64) COLLATE utf8mb4_unicode_ci NOT NULL,
  `University_Name` varchar(64) COLLATE utf8mb4_unicode_ci NOT NULL
) ENGINE=InnoDB DEFAULT CHARSET=utf8mb4 COLLATE=utf8mb4_unicode_ci;

--
-- Dumping data for table `universities`
--

INSERT INTO `universities` (`ID`, `Uni_ID`, `University_Name`) VALUES
(1, 'AE', 'Akademia Evolucion'),
(3, 'FIS', 'Faculty of Islamic Studies'),
(4, 'K_AAB', 'Kolegji AAB'),
(5, 'K_AUK', 'Kolegji AUK'),
(6, 'K_B', 'Kolegji Biznesi'),
(7, 'K_D', 'Kolegji Dardania'),
(8, 'K_EK', 'Kolegji Europian I Kosoves'),
(9, 'K_F', 'Kolegji FAMA'),
(10, 'K_GJ', 'Kolegji Gjilani'),
(11, 'K_H', 'Kolegji Humanistica'),
(12, 'K_MIG', 'Kolegji I Menaxhmentit Internacional Globus'),
(13, 'K_IBCM', 'Kolegji IBCM'),
(14, 'K_ISPE', 'Kolegji ISPE'),
(15, 'K_PB', 'Kolegji Pjeter Budi'),
(16, 'K_R', 'Kolegji Riinvest'),
(17, 'K_U', 'Kolegji Universi'),
(18, 'K_Universum', 'Kolegji Universum'),
(19, 'KAPS', 'Kosovo Academy for Public Safety'),
(20, 'QEAP', 'QEAP Heimerer'),
(21, 'U_GJ', 'University of Gjakova'),
(22, 'U_GL', 'University of Gjilan'),
(23, 'U_M', 'University of Mitrovica'),
(24, 'U_P', 'University of Peja'),
(25, 'U_Pz', 'University of Prizren'),
(26, 'U_Pr', 'Universtity of Prishtina'),
(28, 'K_ESLG', 'Kolegji ESLG'),
(31, 'U_Fj', 'Universiteti i Shkencave t Aplikuara n Ferizaj'),
(33, 'K_UBT', 'Kolegji UBT'),
(35, 'K_TEMPULLI', 'Kolegji I Shkencave te Aplikuara Teknike \"Tempulli\"');

--
-- Indexes for dumped tables
--

--
-- Indexes for table `backlinks`
--
ALTER TABLE `backlinks`
  ADD PRIMARY KEY (`ID`);

--
-- Indexes for table `google_scholar`
--
ALTER TABLE `google_scholar`
  ADD PRIMARY KEY (`GoogleScholar_ID`);

--
-- Indexes for table `professors`
--
ALTER TABLE `professors`
  ADD PRIMARY KEY (`Professor_ID`);

--
-- Indexes for table `universities`
--
ALTER TABLE `universities`
  ADD PRIMARY KEY (`ID`);

--
-- AUTO_INCREMENT for dumped tables
--

--
-- AUTO_INCREMENT for table `backlinks`
--
ALTER TABLE `backlinks`
  MODIFY `ID` int(11) NOT NULL AUTO_INCREMENT, AUTO_INCREMENT=24;

--
-- AUTO_INCREMENT for table `google_scholar`
--
ALTER TABLE `google_scholar`
  MODIFY `GoogleScholar_ID` int(11) NOT NULL AUTO_INCREMENT, AUTO_INCREMENT=5155;

--
-- AUTO_INCREMENT for table `professors`
--
ALTER TABLE `professors`
  MODIFY `Professor_ID` int(11) NOT NULL AUTO_INCREMENT, AUTO_INCREMENT=21552;

--
-- AUTO_INCREMENT for table `universities`
--
ALTER TABLE `universities`
  MODIFY `ID` int(11) NOT NULL AUTO_INCREMENT, AUTO_INCREMENT=37;
COMMIT;

/*!40101 SET CHARACTER_SET_CLIENT=@OLD_CHARACTER_SET_CLIENT */;
/*!40101 SET CHARACTER_SET_RESULTS=@OLD_CHARACTER_SET_RESULTS */;
/*!40101 SET COLLATION_CONNECTION=@OLD_COLLATION_CONNECTION */;
